glycan_mass,project_name,file_name,spectrum_id,ipc_index
1493,PXD026629,20180904YLJ-VSV4h-02.ipc,4558,0
1493,PXD026629,20180904YLJ-VSV4h-02.ipc,7340,29
1493,PXD026629,20180904YLJ-VSV4h-02.ipc,7414,31
1493,PXD026629,20180904YLJ-VSV4h-02.ipc,8650,42
1493,PXD026629,20180904YLJ-VSV4h-02.ipc,8903,51
682,PXD026629,20180904YLJ-VSV4h-02.ipc,4580,1
682,PXD026629,20180904YLJ-VSV4h-02.ipc,4655,2
682,PXD026629,20180904YLJ-VSV4h-02.ipc,4720,3
682,PXD026629,20180904YLJ-VSV4h-02.ipc,4786,4
682,PXD026629,20180904YLJ-VSV4h-02.ipc,9118,71
2978,PXD026629,20180904YLJ-VSV4h-02.ipc,5714,5
2978,PXD026629,20180904YLJ-VSV4h-02.ipc,5773,7
2978,PXD026629,20180904YLJ-VSV4h-02.ipc,5794,8
2978,PXD026629,20180904YLJ-VSV4h-02.ipc,5839,9
2978,PXD026629,20180904YLJ-VSV4h-02.ipc,5860,10
2157,PXD026629,20180904YLJ-VSV4h-02.ipc,5758,6
2157,PXD026629,20180904YLJ-VSV4h-02.ipc,19414,1037
2157,PXD026629,20180904YLJ-VSV4h-02.ipc,21324,1361
2157,PXD026629,20180904YLJ-VSV4h-02.ipc,21390,1374
2157,PXD026629,20180904YLJ-VSV4h-02.ipc,21811,1421
1152,PXD026629,20180904YLJ-VSV4h-02.ipc,6509,13
1152,PXD026629,20180904YLJ-VSV4h-02.ipc,9098,69
1152,PXD026629,20180904YLJ-VSV4h-02.ipc,10125,101
1152,PXD026629,20180904YLJ-VSV4h-02.ipc,10200,102
1152,PXD026629,20180904YLJ-VSV4h-02.ipc,11327,149
1817,PXD026629,20180904YLJ-VSV4h-02.ipc,6884,14
1817,PXD026629,20180904YLJ-VSV4h-02.ipc,6896,15
1817,PXD026629,20180904YLJ-VSV4h-02.ipc,6958,18
1817,PXD026629,20180904YLJ-VSV4h-02.ipc,7096,23
1817,PXD026629,20180904YLJ-VSV4h-02.ipc,7123,25
1979,PXD026629,20180904YLJ-VSV4h-02.ipc,6948,16
1979,PXD026629,20180904YLJ-VSV4h-02.ipc,6957,17
1979,PXD026629,20180904YLJ-VSV4h-02.ipc,7021,19
1979,PXD026629,20180904YLJ-VSV4h-02.ipc,7032,20
1979,PXD026629,20180904YLJ-VSV4h-02.ipc,7088,22
1655,PXD026629,20180904YLJ-VSV4h-02.ipc,7067,21
1655,PXD026629,20180904YLJ-VSV4h-02.ipc,8453,35
1655,PXD026629,20180904YLJ-VSV4h-02.ipc,8530,37
1655,PXD026629,20180904YLJ-VSV4h-02.ipc,8642,41
1655,PXD026629,20180904YLJ-VSV4h-02.ipc,8672,43
1330,PXD026629,20180904YLJ-VSV4h-02.ipc,8935,56
1330,PXD026629,20180904YLJ-VSV4h-02.ipc,8964,59
1330,PXD026629,20180904YLJ-VSV4h-02.ipc,9079,67
1330,PXD026629,20180904YLJ-VSV4h-02.ipc,9099,70
1330,PXD026629,20180904YLJ-VSV4h-02.ipc,9167,74
1995,PXD026629,20180904YLJ-VSV4h-02.ipc,9088,68
1995,PXD026629,20180904YLJ-VSV4h-02.ipc,12063,180
1995,PXD026629,20180904YLJ-VSV4h-02.ipc,12575,202
1995,PXD026629,20180904YLJ-VSV4h-02.ipc,12773,211
1995,PXD026629,20180904YLJ-VSV4h-02.ipc,14542,350
2449,PXD026629,20180904YLJ-VSV4h-02.ipc,10111,99
2449,PXD026629,20180904YLJ-VSV4h-02.ipc,58242,9747
2449,PXD026629,20180904YLJ-VSV4h-02.ipc,66081,11351
2449,PXD026629,20180904YLJ-VSV4h-02.ipc,70825,12118
2449,PXD026629,20180904YLJ-VSV4h-02.ipc,78503,13743
3252,PXD026629,20180904YLJ-VSV4h-02.ipc,10229,103
3252,PXD026629,20180904YLJ-VSV4h-02.ipc,59004,9961
3252,PXD026629,20180904YLJ-VSV0h-03.ipc,56849,8855
3252,PXD026629,20180904YLJ-VSV0h-03.ipc,76272,13442
3252,PXD026629,20180831YLJ-H6h-01.ipc,57090,8343
1371,PXD026629,20180904YLJ-VSV4h-02.ipc,10317,108
1371,PXD026629,20180904YLJ-VSV4h-02.ipc,13927,295
1371,PXD026629,20180904YLJ-VSV4h-02.ipc,14564,356
1371,PXD026629,20180904YLJ-VSV4h-02.ipc,14630,371
1371,PXD026629,20180904YLJ-VSV4h-02.ipc,14696,388
3414,PXD026629,20180904YLJ-VSV4h-02.ipc,10337,111
3414,PXD026629,20180904YLJ-VSV0h-03.ipc,76194,13417
3414,PXD026629,20180904YLJ-VSV0h-03.ipc,76289,13450
3414,PXD026629,20180831YLJ-H6h-01.ipc,50960,6997
3414,PXD026629,20180831YLJ-H6h-01.ipc,75696,12596
2141,PXD026629,20180904YLJ-VSV4h-02.ipc,10437,115
2141,PXD026629,20180904YLJ-VSV4h-02.ipc,12368,197
2141,PXD026629,20180904YLJ-VSV4h-02.ipc,13286,250
2141,PXD026629,20180904YLJ-VSV4h-02.ipc,13352,254
2141,PXD026629,20180904YLJ-VSV4h-02.ipc,13932,298
1825,PXD026629,20180904YLJ-VSV4h-02.ipc,10453,116
1825,PXD026629,20180904YLJ-VSV4h-02.ipc,13043,225
1825,PXD026629,20180904YLJ-VSV4h-02.ipc,13069,229
1825,PXD026629,20180904YLJ-VSV4h-02.ipc,13111,233
1825,PXD026629,20180904YLJ-VSV4h-02.ipc,13175,238
1809,PXD026629,20180904YLJ-VSV4h-02.ipc,11115,134
1809,PXD026629,20180904YLJ-VSV4h-02.ipc,13656,273
1809,PXD026629,20180904YLJ-VSV4h-02.ipc,13732,277
1809,PXD026629,20180904YLJ-VSV4h-02.ipc,13800,285
1809,PXD026629,20180904YLJ-VSV4h-02.ipc,13879,291
2336,PXD026629,20180904YLJ-VSV4h-02.ipc,12717,209
2336,PXD026629,20180904YLJ-VSV4h-02.ipc,16742,705
2336,PXD026629,20180904YLJ-VSV4h-02.ipc,16816,710
2336,PXD026629,20180904YLJ-VSV4h-02.ipc,17758,801
2336,PXD026629,20180904YLJ-VSV4h-02.ipc,17780,804
1168,PXD026629,20180904YLJ-VSV4h-02.ipc,12949,215
1168,PXD026629,20180904YLJ-VSV4h-02.ipc,13021,224
1168,PXD026629,20180904YLJ-VSV4h-02.ipc,13153,237
1168,PXD026629,20180904YLJ-VSV4h-02.ipc,15563,532
1168,PXD026629,20180904YLJ-VSV4h-02.ipc,16287,639
1477,PXD026629,20180904YLJ-VSV4h-02.ipc,12984,219
1477,PXD026629,20180904YLJ-VSV4h-02.ipc,13061,228
1477,PXD026629,20180904YLJ-VSV4h-02.ipc,18326,874
1477,PXD026629,20180904YLJ-VSV4h-02.ipc,18340,878
1477,PXD026629,20180904YLJ-VSV4h-02.ipc,18403,884
1899,PXD026629,20180904YLJ-VSV4h-02.ipc,13958,301
1899,PXD026629,20180904YLJ-VSV4h-02.ipc,14902,429
1899,PXD026629,20180904YLJ-VSV4h-02.ipc,14904,431
1899,PXD026629,20180904YLJ-VSV4h-02.ipc,14969,445
1899,PXD026629,20180904YLJ-VSV4h-02.ipc,15047,464
1737,PXD026629,20180904YLJ-VSV4h-02.ipc,13985,303
1737,PXD026629,20180904YLJ-VSV4h-02.ipc,14059,310
1737,PXD026629,20180904YLJ-VSV4h-02.ipc,14962,443
1737,PXD026629,20180904YLJ-VSV4h-02.ipc,15033,458
1737,PXD026629,20180904YLJ-VSV4h-02.ipc,15036,460
2102,PXD026629,20180904YLJ-VSV4h-02.ipc,14026,306
2102,PXD026629,20180904YLJ-VSV4h-02.ipc,14038,308
2102,PXD026629,20180904YLJ-VSV4h-02.ipc,14092,312
2102,PXD026629,20180904YLJ-VSV4h-02.ipc,14115,315
2102,PXD026629,20180904YLJ-VSV4h-02.ipc,34765,3867
2467,PXD026629,20180904YLJ-VSV4h-02.ipc,14267,325
2467,PXD026629,20180904YLJ-VSV4h-02.ipc,48351,6828
2467,PXD026629,20180904YLJ-VSV4h-02.ipc,54597,8409
2467,PXD026629,20180904YLJ-VSV4h-02.ipc,54607,8415
2467,PXD026629,20180904YLJ-VSV4h-02.ipc,55122,8618
1534,PXD026629,20180904YLJ-VSV4h-02.ipc,14415,334
1534,PXD026629,20180904YLJ-VSV4h-02.ipc,14486,342
1534,PXD026629,20180904YLJ-VSV4h-02.ipc,14554,352
1534,PXD026629,20180904YLJ-VSV4h-02.ipc,14622,366
1534,PXD026629,20180904YLJ-VSV4h-02.ipc,15332,510
1819,PXD026629,20180904YLJ-VSV4h-02.ipc,14598,359
1819,PXD026629,20180904YLJ-VSV4h-02.ipc,49673,7127
1819,PXD026629,20180904YLJ-VSV4h-02.ipc,53919,8162
1819,PXD026629,20180904YLJ-VSV4h-02.ipc,54916,8537
1819,PXD026629,20180904YLJ-VSV4h-02.ipc,55302,8690
1963,PXD026629,20180904YLJ-VSV4h-02.ipc,14633,374
1963,PXD026629,20180904YLJ-VSV4h-02.ipc,42891,5766
1963,PXD026629,20180904YLJ-VSV4h-02.ipc,42987,5787
1963,PXD026629,20180904YLJ-VSV4h-02.ipc,72411,12449
1963,PXD026629,20180904YLJ-VSV0h-03.ipc,70503,12027
2134,PXD026629,20180904YLJ-VSV4h-02.ipc,14648,376
2134,PXD026629,20180831YLJ-H6h-02.ipc,53400,7234
2134,PXD026629,YangLuJie-LPS4h-2.ipc,52917,6622
2134,PXD026629,YangLuJie-LPS8h-2.ipc,53229,7592
2134,PXD026629,20180831YLJ-H0h-01.ipc,48599,6658
1696,PXD026629,20180904YLJ-VSV4h-02.ipc,15439,522
1696,PXD026629,20180904YLJ-VSV4h-02.ipc,15804,566
1696,PXD026629,20180904YLJ-VSV4h-02.ipc,15870,580
1696,PXD026629,20180904YLJ-VSV4h-02.ipc,15887,583
1696,PXD026629,20180904YLJ-VSV4h-02.ipc,15963,599
1209,PXD026629,20180904YLJ-VSV4h-02.ipc,15449,524
1209,PXD026629,20180904YLJ-VSV4h-02.ipc,20181,1151
1209,PXD026629,20180904YLJ-VSV4h-02.ipc,20253,1167
1209,PXD026629,20180904YLJ-VSV4h-02.ipc,23145,1688
1209,PXD026629,20180904YLJ-VSV4h-02.ipc,53117,7895
2190,PXD026629,20180904YLJ-VSV4h-02.ipc,15582,533
2190,PXD026629,20180904YLJ-VSV4h-02.ipc,16249,634
2190,PXD026629,20180904YLJ-VSV4h-02.ipc,17113,739
2190,PXD026629,20180904YLJ-VSV4h-02.ipc,17118,741
2190,PXD026629,20180904YLJ-VSV4h-02.ipc,17192,752
2465,PXD026629,20180904YLJ-VSV4h-02.ipc,15992,603
2465,PXD026629,20180904YLJ-VSV4h-02.ipc,20220,1163
2465,PXD026629,20180904YLJ-VSV4h-02.ipc,20853,1260
2465,PXD026629,20180904YLJ-VSV4h-02.ipc,20918,1273
2465,PXD026629,20180904YLJ-VSV4h-02.ipc,25232,2028
2061,PXD026629,20180904YLJ-VSV4h-02.ipc,16129,616
2061,PXD026629,20180904YLJ-VSV4h-02.ipc,16139,619
2061,PXD026629,20180904YLJ-VSV4h-02.ipc,16227,629
2061,PXD026629,20180904YLJ-VSV4h-02.ipc,16229,630
2061,PXD026629,20180904YLJ-VSV4h-02.ipc,16316,645
2352,PXD026629,20180904YLJ-VSV4h-02.ipc,16159,623
2352,PXD026629,20180904YLJ-VSV4h-02.ipc,17112,738
2352,PXD026629,20180904YLJ-VSV4h-02.ipc,17157,745
2352,PXD026629,20180904YLJ-VSV4h-02.ipc,17944,818
2352,PXD026629,20180904YLJ-VSV4h-02.ipc,18011,826
1355,PXD026629,20180904YLJ-VSV4h-02.ipc,16237,631
1355,PXD026629,20180904YLJ-VSV4h-02.ipc,22778,1619
1355,PXD026629,20180904YLJ-VSV4h-02.ipc,22856,1635
1355,PXD026629,20180904YLJ-VSV4h-02.ipc,26441,2220
1355,PXD026629,20180904YLJ-VSV4h-02.ipc,26517,2235
1987,PXD026629,20180904YLJ-VSV4h-02.ipc,16644,693
1987,PXD026629,20180904YLJ-VSV4h-02.ipc,16718,701
1987,PXD026629,20180904YLJ-VSV4h-02.ipc,16798,708
1987,PXD026629,20180904YLJ-VSV4h-02.ipc,19897,1111
1987,PXD026629,20180904YLJ-VSV4h-02.ipc,19969,1119
2789,PXD026629,20180904YLJ-VSV4h-02.ipc,17028,732
2789,PXD026629,20180904YLJ-VSV4h-02.ipc,17419,774
2789,PXD026629,20180904YLJ-VSV4h-02.ipc,17932,817
2789,PXD026629,20180904YLJ-VSV0h-03.ipc,20638,872
2789,PXD026629,20180904YLJ-VSV0h-03.ipc,21166,909
1006,PXD026629,20180904YLJ-VSV4h-02.ipc,17173,749
1006,PXD026629,20180904YLJ-VSV4h-02.ipc,17272,761
1006,PXD026629,20180904YLJ-VSV4h-02.ipc,17346,769
1006,PXD026629,20180904YLJ-VSV4h-02.ipc,18520,901
1006,PXD026629,20180904YLJ-VSV4h-02.ipc,18573,910
1663,PXD026629,20180904YLJ-VSV4h-02.ipc,17236,756
1663,PXD026629,20180904YLJ-VSV4h-02.ipc,17321,765
1663,PXD026629,20180904YLJ-VSV4h-02.ipc,18645,920
1663,PXD026629,20180904YLJ-VSV4h-02.ipc,18651,921
1663,PXD026629,20180904YLJ-VSV4h-02.ipc,18711,927
1639,PXD026629,20180904YLJ-VSV4h-02.ipc,17659,793
1639,PXD026629,20180904YLJ-VSV4h-02.ipc,45286,6230
1639,PXD026629,20180904YLJ-VSV4h-02.ipc,45340,6237
1639,PXD026629,20180904YLJ-VSV4h-02.ipc,45362,6243
1639,PXD026629,20180904YLJ-VSV4h-02.ipc,46359,6439
1559,PXD026629,20180904YLJ-VSV4h-02.ipc,17809,806
1559,PXD026629,20180904YLJ-VSV4h-02.ipc,17863,811
1559,PXD026629,20180904YLJ-VSV4h-02.ipc,17880,814
1559,PXD026629,20180904YLJ-VSV4h-02.ipc,22834,1629
1559,PXD026629,20180904YLJ-VSV4h-02.ipc,25121,2014
2393,PXD026629,20180904YLJ-VSV4h-02.ipc,17954,820
2393,PXD026629,20180904YLJ-VSV4h-02.ipc,17956,822
2393,PXD026629,20180904YLJ-VSV4h-02.ipc,18020,828
2393,PXD026629,20180904YLJ-VSV4h-02.ipc,18458,889
2393,PXD026629,20180904YLJ-VSV4h-02.ipc,19074,985
2028,PXD026629,20180904YLJ-VSV4h-02.ipc,18088,836
2028,PXD026629,20180904YLJ-VSV4h-02.ipc,18752,934
2028,PXD026629,20180904YLJ-VSV4h-02.ipc,18778,937
2028,PXD026629,20180904YLJ-VSV4h-02.ipc,18822,943
2028,PXD026629,20180904YLJ-VSV4h-02.ipc,18844,947
2758,PXD026629,20180904YLJ-VSV4h-02.ipc,18120,840
2758,PXD026629,20180904YLJ-VSV4h-02.ipc,18480,895
2758,PXD026629,20180904YLJ-VSV4h-02.ipc,18557,909
2758,PXD026629,20180904YLJ-VSV4h-02.ipc,40108,5078
2758,PXD026629,20180904YLJ-VSV4h-02.ipc,40187,5098
2572,PXD026629,20180904YLJ-VSV4h-02.ipc,18156,844
2572,PXD026629,20180904YLJ-VSV4h-02.ipc,25680,2090
2572,PXD026629,20180904YLJ-VSV4h-02.ipc,25746,2106
2572,PXD026629,20180904YLJ-VSV4h-02.ipc,27582,2401
2572,PXD026629,20180904YLJ-VSV4h-02.ipc,27788,2442
2012,PXD026629,20180904YLJ-VSV4h-02.ipc,18750,933
2012,PXD026629,20180904YLJ-VSV4h-02.ipc,18976,969
2012,PXD026629,20180904YLJ-VSV4h-02.ipc,28644,2622
2012,PXD026629,20180904YLJ-VSV4h-02.ipc,32273,3352
2012,PXD026629,20180904YLJ-VSV4h-02.ipc,33467,3609
2174,PXD026629,20180904YLJ-VSV4h-02.ipc,18834,945
2174,PXD026629,20180904YLJ-VSV4h-02.ipc,20302,1179
2174,PXD026629,20180904YLJ-VSV4h-02.ipc,20854,1261
2174,PXD026629,20180904YLJ-VSV4h-02.ipc,20947,1275
2174,PXD026629,20180904YLJ-VSV4h-02.ipc,21032,1286
2481,PXD026629,20180904YLJ-VSV4h-02.ipc,18909,957
2481,PXD026629,20180904YLJ-VSV4h-02.ipc,18973,967
2481,PXD026629,20180904YLJ-VSV4h-02.ipc,19596,1064
2481,PXD026629,20180904YLJ-VSV4h-02.ipc,22200,1508
2481,PXD026629,20180904YLJ-VSV4h-02.ipc,22265,1526
2207,PXD026629,20180904YLJ-VSV4h-02.ipc,19265,1008
2207,PXD026629,20180904YLJ-VSV4h-02.ipc,19492,1050
2207,PXD026629,20180904YLJ-VSV4h-02.ipc,21853,1429
2207,PXD026629,20180904YLJ-VSV4h-02.ipc,24084,1871
2207,PXD026629,20180904YLJ-VSV4h-02.ipc,24126,1879
1988,PXD026629,20180904YLJ-VSV4h-02.ipc,19465,1045
1988,PXD026629,20180904YLJ-VSV4h-02.ipc,54519,8381
1988,PXD026629,20180904YLJ-VSV4h-02.ipc,54698,8451
1988,PXD026629,20180904YLJ-VSV0h-03.ipc,22633,1098
1988,PXD026629,20180904YLJ-VSV0h-03.ipc,35541,3395
2256,PXD026629,20180904YLJ-VSV4h-02.ipc,19548,1057
2256,PXD026629,20180904YLJ-VSV4h-02.ipc,64647,11146
2256,PXD026629,20180831YLJ-H6h-02.ipc,40788,4247
2256,PXD026629,20180831YLJ-H6h-02.ipc,40881,4276
2256,PXD026629,YangLuJie-LPS4h-2.ipc,19632,1040
2305,PXD026629,20180904YLJ-VSV4h-02.ipc,19586,1063
2305,PXD026629,20180904YLJ-VSV4h-02.ipc,53814,8124
2305,PXD026629,20180904YLJ-VSV4h-02.ipc,53824,8128
2305,PXD026629,20180904YLJ-VSV4h-02.ipc,58082,9690
2305,PXD026629,20180904YLJ-VSV0h-03.ipc,22744,1116
2287,PXD026629,20180904YLJ-VSV4h-02.ipc,19603,1065
2287,PXD026629,20180904YLJ-VSV4h-02.ipc,64322,11090
2287,PXD026629,20180904YLJ-VSV4h-02.ipc,79941,13853
2287,PXD026629,20180904YLJ-VSV0h-03.ipc,49458,6540
2287,PXD026629,20180831YLJ-H6h-01.ipc,66349,10562
1883,PXD026629,20180904YLJ-VSV4h-02.ipc,19783,1090
1883,PXD026629,20180904YLJ-VSV4h-02.ipc,20078,1134
1883,PXD026629,20180904YLJ-VSV4h-02.ipc,20143,1143
1883,PXD026629,20180904YLJ-VSV4h-02.ipc,26946,2298
1883,PXD026629,20180904YLJ-VSV4h-02.ipc,27010,2308
2045,PXD026629,20180904YLJ-VSV4h-02.ipc,20003,1121
2045,PXD026629,20180904YLJ-VSV4h-02.ipc,21927,1446
2045,PXD026629,20180904YLJ-VSV4h-02.ipc,22617,1598
2045,PXD026629,20180904YLJ-VSV4h-02.ipc,24256,1894
2045,PXD026629,20180904YLJ-VSV4h-02.ipc,24257,1895
1575,PXD026629,20180904YLJ-VSV4h-02.ipc,20191,1153
1575,PXD026629,20180904YLJ-VSV4h-02.ipc,23639,1800
1575,PXD026629,20180904YLJ-VSV4h-02.ipc,28508,2602
1575,PXD026629,20180904YLJ-VSV4h-02.ipc,35834,4106
1575,PXD026629,20180904YLJ-VSV4h-02.ipc,35914,4126
1413,PXD026629,20180904YLJ-VSV4h-02.ipc,20217,1162
1413,PXD026629,20180904YLJ-VSV4h-02.ipc,20288,1177
1413,PXD026629,20180904YLJ-VSV4h-02.ipc,24850,1983
1413,PXD026629,20180904YLJ-VSV4h-02.ipc,36096,4173
1413,PXD026629,20180904YLJ-VSV4h-02.ipc,40591,5213
2191,PXD026629,20180904YLJ-VSV4h-02.ipc,20232,1164
2191,PXD026629,20180904YLJ-VSV4h-02.ipc,28496,2598
2191,PXD026629,20180904YLJ-VSV4h-02.ipc,31670,3166
2191,PXD026629,20180904YLJ-VSV4h-02.ipc,32738,3463
2191,PXD026629,20180904YLJ-VSV4h-02.ipc,36480,4256
3162,PXD026629,20180904YLJ-VSV4h-02.ipc,20781,1248
3162,PXD026629,20180904YLJ-VSV4h-02.ipc,20858,1264
3162,PXD026629,20180904YLJ-VSV4h-02.ipc,66023,11343
3162,PXD026629,20180831YLJ-H6h-01.ipc,61648,9608
3162,PXD026629,20180831YLJ-H6h-02.ipc,71119,11592
3080,PXD026629,20180904YLJ-VSV4h-02.ipc,22078,1479
3080,PXD026629,20180904YLJ-VSV4h-02.ipc,70641,12094
3080,PXD026629,20180904YLJ-VSV0h-03.ipc,72577,12537
3080,PXD026629,20180904YLJ-VSV0h-03.ipc,72671,12554
3080,PXD026629,20180831YLJ-H6h-01.ipc,21892,1422
2428,PXD026629,20180904YLJ-VSV4h-02.ipc,23082,1676
2428,PXD026629,20180904YLJ-VSV4h-02.ipc,52342,7728
2428,PXD026629,20180831YLJ-H6h-01.ipc,50975,7001
2428,PXD026629,20180831YLJ-H6h-02.ipc,65771,10446
2428,PXD026629,YangLuJie-LPS4h-2.ipc,57640,7738
1314,PXD026629,20180904YLJ-VSV4h-02.ipc,23695,1812
1314,PXD026629,20180904YLJ-VSV4h-02.ipc,23722,1818
1314,PXD026629,20180904YLJ-VSV4h-02.ipc,23764,1829
1314,PXD026629,20180904YLJ-VSV4h-02.ipc,23797,1835
1314,PXD026629,20180904YLJ-VSV4h-02.ipc,23830,1842
1680,PXD026629,20180904YLJ-VSV4h-02.ipc,23786,1832
1680,PXD026629,20180904YLJ-VSV4h-02.ipc,27159,2326
1680,PXD026629,20180904YLJ-VSV4h-02.ipc,27755,2436
1680,PXD026629,20180904YLJ-VSV4h-02.ipc,28540,2605
1680,PXD026629,20180904YLJ-VSV4h-02.ipc,28552,2607
1981,PXD026629,20180904YLJ-VSV4h-02.ipc,23811,1838
1981,PXD026629,20180904YLJ-VSV4h-02.ipc,49357,7050
1981,PXD026629,20180904YLJ-VSV4h-02.ipc,55610,8805
1981,PXD026629,20180904YLJ-VSV4h-02.ipc,55726,8846
1981,PXD026629,20180904YLJ-VSV4h-02.ipc,57261,9407
2701,PXD026629,20180904YLJ-VSV4h-02.ipc,24473,1927
2701,PXD026629,20180904YLJ-VSV4h-02.ipc,52044,7657
2701,PXD026629,20180904YLJ-VSV4h-02.ipc,52774,7819
2701,PXD026629,20180904YLJ-VSV4h-02.ipc,52945,7845
2701,PXD026629,20180904YLJ-VSV4h-02.ipc,57289,9416
2613,PXD026629,20180904YLJ-VSV4h-02.ipc,25429,2054
2613,PXD026629,20180904YLJ-VSV4h-02.ipc,40412,5154
2613,PXD026629,20180904YLJ-VSV4h-02.ipc,47499,6659
2613,PXD026629,20180904YLJ-VSV4h-02.ipc,65838,11308
2613,PXD026629,20180904YLJ-VSV4h-02.ipc,65912,11320
2319,PXD026629,20180904YLJ-VSV4h-02.ipc,25432,2056
2319,PXD026629,20180904YLJ-VSV4h-02.ipc,25506,2064
2319,PXD026629,20180904YLJ-VSV4h-02.ipc,27054,2313
2319,PXD026629,20180904YLJ-VSV4h-02.ipc,28575,2611
2319,PXD026629,20180904YLJ-VSV4h-02.ipc,28868,2649
3519,PXD026629,20180904YLJ-VSV4h-02.ipc,25441,2059
3519,PXD026629,20180904YLJ-VSV4h-02.ipc,53173,7907
3519,PXD026629,20180904YLJ-VSV4h-02.ipc,55032,8583
3519,PXD026629,20180904YLJ-VSV4h-02.ipc,56668,9180
3519,PXD026629,20180904YLJ-VSV4h-02.ipc,58433,9812
317,PXD026629,20180904YLJ-VSV4h-02.ipc,25583,2073
317,PXD026629,20180904YLJ-VSV4h-02.ipc,25648,2083
317,PXD026629,20180904YLJ-VSV4h-02.ipc,25712,2098
317,PXD026629,20180904YLJ-VSV4h-02.ipc,27428,2369
317,PXD026629,20180904YLJ-VSV4h-02.ipc,27500,2383
1866,PXD026629,20180904YLJ-VSV4h-02.ipc,25695,2094
1866,PXD026629,20180904YLJ-VSV4h-02.ipc,35955,4136
1866,PXD026629,20180904YLJ-VSV4h-02.ipc,41667,5513
1866,PXD026629,20180904YLJ-VSV4h-02.ipc,52252,7706
1866,PXD026629,20180904YLJ-VSV4h-02.ipc,52368,7735
2369,PXD026629,20180904YLJ-VSV4h-02.ipc,25909,2131
2369,PXD026629,20180904YLJ-VSV4h-02.ipc,30069,2882
2369,PXD026629,20180904YLJ-VSV4h-02.ipc,31385,3096
2369,PXD026629,20180904YLJ-VSV4h-02.ipc,32455,3401
2369,PXD026629,20180904YLJ-VSV4h-02.ipc,36907,4333
2248,PXD026629,20180904YLJ-VSV4h-02.ipc,26289,2191
2248,PXD026629,20180904YLJ-VSV4h-02.ipc,40391,5149
2248,PXD026629,20180904YLJ-VSV4h-02.ipc,41164,5376
2248,PXD026629,20180904YLJ-VSV4h-02.ipc,41898,5573
2248,PXD026629,20180904YLJ-VSV4h-02.ipc,43115,5822
1518,PXD026629,20180904YLJ-VSV4h-02.ipc,26345,2200
1518,PXD026629,20180904YLJ-VSV4h-02.ipc,28018,2495
1518,PXD026629,20180904YLJ-VSV4h-02.ipc,28586,2615
1518,PXD026629,20180904YLJ-VSV4h-02.ipc,28617,2617
1518,PXD026629,20180904YLJ-VSV4h-02.ipc,28845,2646
2223,PXD026629,20180904YLJ-VSV4h-02.ipc,26560,2243
2223,PXD026629,20180904YLJ-VSV4h-02.ipc,26631,2258
2223,PXD026629,20180904YLJ-VSV4h-02.ipc,37604,4512
2223,PXD026629,20180904YLJ-VSV4h-02.ipc,39669,4965
2223,PXD026629,20180904YLJ-VSV4h-02.ipc,44224,6031
2904,PXD026629,20180904YLJ-VSV4h-02.ipc,28266,2550
2904,PXD026629,20180904YLJ-VSV4h-02.ipc,52815,7825
2904,PXD026629,20180904YLJ-VSV4h-02.ipc,52914,7842
2904,PXD026629,20180904YLJ-VSV4h-02.ipc,77604,13581
2904,PXD026629,20180904YLJ-VSV4h-02.ipc,78493,13741
2539,PXD026629,20180904YLJ-VSV4h-02.ipc,28454,2591
2539,PXD026629,20180904YLJ-VSV4h-02.ipc,45901,6361
2539,PXD026629,20180904YLJ-VSV4h-02.ipc,48935,6965
2539,PXD026629,20180904YLJ-VSV4h-02.ipc,49329,7047
2539,PXD026629,20180904YLJ-VSV4h-02.ipc,49405,7059
1721,PXD026629,20180904YLJ-VSV4h-02.ipc,28541,2606
1721,PXD026629,20180904YLJ-VSV4h-02.ipc,28987,2666
1721,PXD026629,20180904YLJ-VSV4h-02.ipc,29055,2677
1721,PXD026629,20180904YLJ-VSV4h-02.ipc,39971,5042
1721,PXD026629,20180904YLJ-VSV4h-02.ipc,41799,5549
1826,PXD026629,20180904YLJ-VSV4h-02.ipc,30295,2909
1826,PXD026629,20180904YLJ-VSV4h-02.ipc,31210,3065
1826,PXD026629,20180904YLJ-VSV4h-02.ipc,43962,5968
1826,PXD026629,20180904YLJ-VSV4h-02.ipc,45033,6195
1826,PXD026629,20180904YLJ-VSV4h-02.ipc,48100,6778
3195,PXD026629,20180904YLJ-VSV4h-02.ipc,31649,3160
3195,PXD026629,20180904YLJ-VSV4h-02.ipc,31671,3167
3195,PXD026629,20180904YLJ-VSV4h-02.ipc,32018,3267
3195,PXD026629,20180904YLJ-VSV4h-02.ipc,32113,3299
3195,PXD026629,20180904YLJ-VSV4h-02.ipc,32136,3313
2937,PXD026629,20180904YLJ-VSV4h-02.ipc,31665,3164
2937,PXD026629,20180904YLJ-VSV4h-02.ipc,46790,6539
2937,PXD026629,20180904YLJ-VSV4h-02.ipc,65719,11286
2937,PXD026629,20180904YLJ-VSV4h-02.ipc,65938,11326
2937,PXD026629,20180904YLJ-VSV4h-02.ipc,70792,12113
2889,PXD026629,20180904YLJ-VSV4h-02.ipc,32092,3290
2889,PXD026629,20180904YLJ-VSV4h-02.ipc,52987,7858
2889,PXD026629,20180904YLJ-VSV0h-03.ipc,52740,7320
2889,PXD026629,20180831YLJ-H6h-01.ipc,31078,2697
2889,PXD026629,20180831YLJ-H6h-01.ipc,53727,7497
1704,PXD026629,20180904YLJ-VSV4h-02.ipc,33090,3530
1704,PXD026629,20180904YLJ-VSV4h-02.ipc,36579,4283
1704,PXD026629,20180904YLJ-VSV4h-02.ipc,46341,6430
1704,PXD026629,20180904YLJ-VSV4h-02.ipc,51301,7523
1704,PXD026629,20180904YLJ-VSV4h-02.ipc,51315,7527
2022,PXD026629,20180904YLJ-VSV4h-02.ipc,33957,3697
2022,PXD026629,20180904YLJ-VSV4h-02.ipc,34741,3861
2022,PXD026629,20180904YLJ-VSV4h-02.ipc,34805,3875
2022,PXD026629,20180904YLJ-VSV4h-02.ipc,45558,6284
2022,PXD026629,20180904YLJ-VSV4h-02.ipc,45636,6304
2670,PXD026629,20180904YLJ-VSV4h-02.ipc,34209,3751
2670,PXD026629,20180904YLJ-VSV4h-02.ipc,49944,7185
2670,PXD026629,20180904YLJ-VSV4h-02.ipc,58233,9743
2670,PXD026629,20180904YLJ-VSV4h-02.ipc,58362,9790
2670,PXD026629,20180904YLJ-VSV4h-02.ipc,58367,9792
1940,PXD026629,20180904YLJ-VSV4h-02.ipc,34971,3914
1940,PXD026629,20180904YLJ-VSV4h-02.ipc,58079,9689
1940,PXD026629,20180904YLJ-VSV4h-02.ipc,58413,9806
1940,PXD026629,20180904YLJ-VSV4h-02.ipc,58481,9828
1940,PXD026629,20180904YLJ-VSV4h-02.ipc,58521,9835
1842,PXD026629,20180904YLJ-VSV4h-02.ipc,35456,4019
1842,PXD026629,20180904YLJ-VSV4h-02.ipc,44713,6137
1842,PXD026629,20180904YLJ-VSV4h-02.ipc,46439,6457
1842,PXD026629,20180904YLJ-VSV4h-02.ipc,49900,7175
1842,PXD026629,20180904YLJ-VSV4h-02.ipc,49977,7190
2184,PXD026629,20180904YLJ-VSV4h-02.ipc,35651,4065
2184,PXD026629,20180904YLJ-VSV4h-02.ipc,35723,4085
2184,PXD026629,20180904YLJ-VSV4h-02.ipc,58285,9763
2184,PXD026629,20180904YLJ-VSV4h-02.ipc,58535,9836
2184,PXD026629,20180904YLJ-VSV4h-02.ipc,58602,9856
3486,PXD026629,20180904YLJ-VSV4h-02.ipc,36807,4323
3486,PXD026629,20180904YLJ-VSV0h-03.ipc,67695,11476
3486,PXD026629,20180904YLJ-VSV0h-03.ipc,67946,11537
3486,PXD026629,20180904YLJ-VSV0h-03.ipc,67962,11542
3486,PXD026629,20180904YLJ-VSV0h-03.ipc,68057,11562
2225,PXD026629,20180904YLJ-VSV4h-02.ipc,37508,4488
2225,PXD026629,20180904YLJ-VSV4h-02.ipc,56608,9151
2225,PXD026629,20180904YLJ-VSV4h-02.ipc,75834,13192
2225,PXD026629,20180904YLJ-VSV0h-03.ipc,37937,3955
2225,PXD026629,20180904YLJ-VSV0h-03.ipc,38748,4160
2029,PXD026629,20180904YLJ-VSV4h-02.ipc,37559,4499
2029,PXD026629,20180904YLJ-VSV4h-02.ipc,37623,4516
2029,PXD026629,20180904YLJ-VSV4h-02.ipc,43018,5798
2029,PXD026629,20180904YLJ-VSV4h-02.ipc,44661,6127
2029,PXD026629,20180904YLJ-VSV4h-02.ipc,44791,6149
2522,PXD026629,20180904YLJ-VSV4h-02.ipc,37575,4504
2522,PXD026629,20180904YLJ-VSV4h-02.ipc,49551,7091
2522,PXD026629,20180904YLJ-VSV4h-02.ipc,58466,9820
2522,PXD026629,20180904YLJ-VSV4h-02.ipc,63781,10979
2522,PXD026629,20180904YLJ-VSV4h-02.ipc,76298,13291
2004,PXD026629,20180904YLJ-VSV4h-02.ipc,38223,4630
2004,PXD026629,20180904YLJ-VSV4h-02.ipc,44534,6093
2004,PXD026629,20180904YLJ-VSV4h-02.ipc,49701,7132
2004,PXD026629,20180904YLJ-VSV4h-02.ipc,49766,7142
2004,PXD026629,20180904YLJ-VSV4h-02.ipc,49772,7145
3818,PXD026629,20180904YLJ-VSV4h-02.ipc,38562,4696
3818,PXD026629,20180904YLJ-VSV4h-02.ipc,55552,8781
3818,PXD026629,YangLuJie-LPS4h-2.ipc,75687,11060
3818,PXD026629,20180904YLJ-VSV6h-01.ipc,49813,7040
3818,PXD026629,20180831YLJ-H0h-01.ipc,55899,8750
3617,PXD026629,20180904YLJ-VSV4h-02.ipc,40160,5088
3617,PXD026629,YangLuJie-M0-3.ipc,74341,13668
3617,PXD026629,20180904YLJ-VSV4h-03.ipc,41098,5312
3617,PXD026629,YangLuJie-M0-1.ipc,78106,14516
3617,PXD026629,20180904YLJ-VSV0h-01.ipc,50572,7240
3049,PXD026629,20180904YLJ-VSV4h-02.ipc,40182,5096
3049,PXD026629,20180904YLJ-VSV4h-02.ipc,44872,6167
3049,PXD026629,20180904YLJ-VSV4h-02.ipc,53029,7866
3049,PXD026629,20180904YLJ-VSV4h-02.ipc,60341,10226
3049,PXD026629,20180904YLJ-VSV4h-02.ipc,60411,10242
2337,PXD026629,20180904YLJ-VSV4h-02.ipc,40712,5249
2337,PXD026629,20180904YLJ-VSV4h-02.ipc,42502,5683
2337,PXD026629,20180904YLJ-VSV4h-02.ipc,55450,8743
2337,PXD026629,20180904YLJ-VSV4h-02.ipc,75821,13186
2337,PXD026629,20180904YLJ-VSV4h-02.ipc,77226,13520
1971,PXD026629,20180904YLJ-VSV4h-02.ipc,40922,5309
1971,PXD026629,20180904YLJ-VSV4h-02.ipc,47017,6581
1971,PXD026629,20180904YLJ-VSV4h-02.ipc,47780,6715
1971,PXD026629,20180904YLJ-VSV4h-02.ipc,48600,6877
1971,PXD026629,20180904YLJ-VSV0h-03.ipc,16484,322
2175,PXD026629,20180904YLJ-VSV4h-02.ipc,41047,5346
2175,PXD026629,20180904YLJ-VSV4h-02.ipc,41185,5379
2175,PXD026629,20180904YLJ-VSV4h-02.ipc,41188,5380
2175,PXD026629,20180904YLJ-VSV4h-02.ipc,41281,5405
2175,PXD026629,20180904YLJ-VSV4h-02.ipc,41629,5505
1502,PXD026629,20180904YLJ-VSV4h-02.ipc,41246,5397
1502,PXD026629,20180904YLJ-VSV4h-02.ipc,52189,7694
1502,PXD026629,20180904YLJ-VSV4h-02.ipc,57240,9397
1502,PXD026629,20180904YLJ-VSV4h-02.ipc,57865,9619
1502,PXD026629,20180904YLJ-VSV4h-02.ipc,61876,10612
2578,PXD026629,20180904YLJ-VSV4h-02.ipc,41405,5438
2578,PXD026629,20180904YLJ-VSV0h-03.ipc,42459,5115
2578,PXD026629,20180831YLJ-H6h-02.ipc,74649,12477
2578,PXD026629,YangLuJie-LPS4h-2.ipc,42697,4765
2578,PXD026629,20180831YLJ-H4h-02.ipc,64045,11244
2451,PXD026629,20180904YLJ-VSV4h-02.ipc,41416,5442
2451,PXD026629,20180831YLJ-H6h-02.ipc,75655,12700
2451,PXD026629,YangLuJie-LPS4h-2.ipc,77353,11482
2451,PXD026629,20180904YLJ-VSV6h-01.ipc,60880,10153
2451,PXD026629,20180904YLJ-VSV6h-01.ipc,62811,10661
2070,PXD026629,20180904YLJ-VSV4h-02.ipc,41439,5448
2070,PXD026629,20180904YLJ-VSV4h-02.ipc,41490,5466
2070,PXD026629,20180904YLJ-VSV4h-02.ipc,55878,8892
2070,PXD026629,20180904YLJ-VSV0h-03.ipc,55295,8250
2070,PXD026629,20180904YLJ-VSV0h-03.ipc,55305,8255
1867,PXD026629,20180904YLJ-VSV4h-02.ipc,41664,5511
1867,PXD026629,20180904YLJ-VSV4h-02.ipc,62631,10777
1867,PXD026629,20180904YLJ-VSV4h-02.ipc,73855,12688
1867,PXD026629,20180904YLJ-VSV4h-02.ipc,76529,13338
1867,PXD026629,20180904YLJ-VSV0h-03.ipc,52303,7222
1965,PXD026629,20180904YLJ-VSV4h-02.ipc,41787,5545
1965,PXD026629,20180904YLJ-VSV4h-02.ipc,41842,5560
1965,PXD026629,20180904YLJ-VSV4h-02.ipc,41876,5566
1965,PXD026629,20180904YLJ-VSV4h-02.ipc,49263,7033
1965,PXD026629,20180904YLJ-VSV0h-03.ipc,34734,3202
1762,PXD026629,20180904YLJ-VSV4h-02.ipc,41874,5565
1762,PXD026629,20180904YLJ-VSV4h-02.ipc,41885,5568
1762,PXD026629,20180904YLJ-VSV4h-02.ipc,41889,5570
1762,PXD026629,20180904YLJ-VSV4h-02.ipc,41953,5581
1762,PXD026629,20180904YLJ-VSV4h-02.ipc,41965,5585
3082,PXD026629,20180904YLJ-VSV4h-02.ipc,42264,5642
3082,PXD026629,20180904YLJ-VSV4h-02.ipc,52187,7693
3082,PXD026629,20180904YLJ-VSV4h-02.ipc,52400,7743
3082,PXD026629,20180904YLJ-VSV4h-02.ipc,73596,12641
3082,PXD026629,20180904YLJ-VSV4h-02.ipc,78422,13725
2320,PXD026629,20180904YLJ-VSV4h-02.ipc,42670,5715
2320,PXD026629,20180904YLJ-VSV4h-02.ipc,56380,9073
2320,PXD026629,20180904YLJ-VSV0h-03.ipc,57260,9012
2320,PXD026629,20180831YLJ-H6h-01.ipc,43434,5394
2320,PXD026629,20180831YLJ-H6h-01.ipc,43455,5401
2232,PXD026629,20180904YLJ-VSV4h-02.ipc,42930,5775
2232,PXD026629,20180904YLJ-VSV4h-02.ipc,56724,9203
2232,PXD026629,20180904YLJ-VSV4h-02.ipc,56807,9239
2232,PXD026629,20180904YLJ-VSV0h-03.ipc,54041,7758
2232,PXD026629,20180904YLJ-VSV0h-03.ipc,55704,8412
1850,PXD026629,20180904YLJ-VSV4h-02.ipc,43247,5841
1850,PXD026629,20180904YLJ-VSV4h-02.ipc,50045,7206
1850,PXD026629,20180904YLJ-VSV4h-02.ipc,54307,8307
1850,PXD026629,20180904YLJ-VSV4h-02.ipc,57182,9378
1850,PXD026629,20180904YLJ-VSV4h-02.ipc,57431,9464
3562,PXD026629,20180904YLJ-VSV4h-02.ipc,43728,5912
3562,PXD026629,20180904YLJ-VSV0h-03.ipc,72683,12557
3562,PXD026629,20180831YLJ-H6h-01.ipc,77447,13045
3562,PXD026629,20180831YLJ-H6h-02.ipc,55314,7632
3562,PXD026629,YangLuJie-LPS4h-2.ipc,75696,11064
2549,PXD026629,20180904YLJ-VSV4h-02.ipc,44037,5990
2549,PXD026629,20180904YLJ-VSV0h-03.ipc,49442,6535
2549,PXD026629,20180904YLJ-VSV0h-03.ipc,74281,12918
2549,PXD026629,20180831YLJ-H6h-02.ipc,75660,12702
2549,PXD026629,20180831YLJ-H6h-02.ipc,76328,12900
2346,PXD026629,20180904YLJ-VSV4h-02.ipc,44157,6018
2346,PXD026629,20180904YLJ-VSV4h-02.ipc,57852,9612
2346,PXD026629,20180904YLJ-VSV0h-03.ipc,44847,5594
2346,PXD026629,20180904YLJ-VSV0h-03.ipc,45266,5675
2346,PXD026629,20180904YLJ-VSV0h-03.ipc,45294,5682
2371,PXD026629,20180904YLJ-VSV4h-02.ipc,45728,6328
2371,PXD026629,20180904YLJ-VSV4h-02.ipc,61055,10412
2371,PXD026629,20180904YLJ-VSV4h-02.ipc,77073,13480
2371,PXD026629,20180904YLJ-VSV0h-03.ipc,54524,7952
2371,PXD026629,20180904YLJ-VSV0h-03.ipc,77173,13724
2590,PXD026629,20180904YLJ-VSV4h-02.ipc,46651,6509
2590,PXD026629,20180904YLJ-VSV4h-02.ipc,50899,7440
2590,PXD026629,20180904YLJ-VSV4h-02.ipc,65365,11236
2590,PXD026629,20180904YLJ-VSV4h-02.ipc,65740,11291
2590,PXD026629,20180904YLJ-VSV4h-02.ipc,65824,11304
2360,PXD026629,20180904YLJ-VSV4h-02.ipc,46880,6557
2360,PXD026629,20180904YLJ-VSV4h-02.ipc,56003,8943
2360,PXD026629,20180904YLJ-VSV4h-02.ipc,57456,9473
2360,PXD026629,20180904YLJ-VSV4h-02.ipc,76140,13257
2360,PXD026629,20180904YLJ-VSV4h-02.ipc,79524,13805
2231,PXD026629,20180904YLJ-VSV4h-02.ipc,47190,6614
2231,PXD026629,20180904YLJ-VSV4h-02.ipc,51498,7554
2231,PXD026629,20180904YLJ-VSV4h-02.ipc,52562,7777
2231,PXD026629,20180904YLJ-VSV4h-02.ipc,52643,7793
2231,PXD026629,20180904YLJ-VSV4h-02.ipc,52712,7805
1924,PXD026629,20180904YLJ-VSV4h-02.ipc,47543,6665
1924,PXD026629,20180904YLJ-VSV4h-02.ipc,48083,6773
1924,PXD026629,20180904YLJ-VSV4h-02.ipc,60673,10318
1924,PXD026629,20180904YLJ-VSV4h-02.ipc,70488,12066
1924,PXD026629,20180904YLJ-VSV0h-03.ipc,48061,6224
3123,PXD026629,20180904YLJ-VSV4h-02.ipc,47634,6686
3123,PXD026629,20180904YLJ-VSV4h-02.ipc,60134,10189
3123,PXD026629,20180904YLJ-VSV4h-02.ipc,60322,10221
3123,PXD026629,20180904YLJ-VSV4h-02.ipc,61414,10504
3123,PXD026629,20180904YLJ-VSV4h-02.ipc,62553,10766
2086,PXD026629,20180904YLJ-VSV4h-02.ipc,47646,6689
2086,PXD026629,20180904YLJ-VSV4h-02.ipc,47741,6705
2086,PXD026629,20180904YLJ-VSV4h-02.ipc,47818,6722
2086,PXD026629,20180904YLJ-VSV4h-02.ipc,52581,7781
2086,PXD026629,20180904YLJ-VSV4h-02.ipc,66672,11454
2994,PXD026629,20180904YLJ-VSV4h-02.ipc,48472,6853
2994,PXD026629,20180904YLJ-VSV4h-02.ipc,51260,7521
2994,PXD026629,20180904YLJ-VSV4h-02.ipc,53240,7925
2994,PXD026629,20180904YLJ-VSV4h-02.ipc,53318,7950
2994,PXD026629,20180904YLJ-VSV4h-02.ipc,54244,8290
2830,PXD026629,20180904YLJ-VSV4h-02.ipc,48958,6973
2830,PXD026629,20180904YLJ-VSV4h-02.ipc,54163,8256
2830,PXD026629,20180904YLJ-VSV4h-02.ipc,57241,9398
2830,PXD026629,20180904YLJ-VSV4h-02.ipc,59585,10072
2830,PXD026629,20180904YLJ-VSV4h-02.ipc,60467,10256
2303,PXD026629,20180904YLJ-VSV4h-02.ipc,49653,7124
2303,PXD026629,20180904YLJ-VSV4h-02.ipc,52620,7789
2303,PXD026629,20180904YLJ-VSV4h-02.ipc,53292,7942
2303,PXD026629,20180904YLJ-VSV4h-02.ipc,53360,7967
2303,PXD026629,20180904YLJ-VSV4h-02.ipc,53728,8089
2506,PXD026629,20180904YLJ-VSV4h-02.ipc,49726,7139
2506,PXD026629,20180904YLJ-VSV4h-02.ipc,77823,13622
2506,PXD026629,20180904YLJ-VSV4h-02.ipc,78416,13723
2506,PXD026629,20180904YLJ-VSV4h-02.ipc,79556,13810
2506,PXD026629,20180904YLJ-VSV0h-03.ipc,73980,12816
3348,PXD026629,20180904YLJ-VSV4h-02.ipc,50040,7204
3348,PXD026629,20180904YLJ-VSV0h-03.ipc,50320,6742
3348,PXD026629,20180831YLJ-H6h-01.ipc,32715,2980
3348,PXD026629,20180831YLJ-H6h-01.ipc,75165,12488
3348,PXD026629,20180904YLJ-VSV6h-01.ipc,51515,7398
4142,PXD026629,20180904YLJ-VSV4h-02.ipc,50171,7242
4142,PXD026629,20180831YLJ-H0h-01.ipc,72565,12512
4142,PXD026629,20180904YLJ-VSV4h-03.ipc,49976,7156
4142,PXD026629,20180904YLJ-VSV6h-02.ipc,49885,7150
4142,PXD026629,20180831YLJ-H0h-03.ipc,65755,10935
2133,PXD026629,20180904YLJ-VSV4h-02.ipc,50262,7261
2133,PXD026629,20180904YLJ-VSV4h-02.ipc,54389,8339
2133,PXD026629,20180904YLJ-VSV4h-02.ipc,54463,8366
2133,PXD026629,20180904YLJ-VSV4h-02.ipc,54628,8427
2133,PXD026629,20180904YLJ-VSV4h-02.ipc,54694,8447
3631,PXD026629,20180904YLJ-VSV4h-02.ipc,50588,7339
3631,PXD026629,20180904YLJ-VSV4h-02.ipc,50633,7358
3631,PXD026629,20180904YLJ-VSV4h-02.ipc,50720,7390
3631,PXD026629,20180904YLJ-VSV0h-03.ipc,50738,6858
3631,PXD026629,20180904YLJ-VSV0h-03.ipc,50827,6880
2992,PXD026629,20180904YLJ-VSV4h-02.ipc,51420,7541
2992,PXD026629,20180904YLJ-VSV4h-02.ipc,58019,9672
2992,PXD026629,20180904YLJ-VSV4h-02.ipc,59632,10083
2992,PXD026629,20180904YLJ-VSV4h-02.ipc,59731,10100
2992,PXD026629,20180904YLJ-VSV4h-02.ipc,75951,13214
2272,PXD026629,20180904YLJ-VSV4h-02.ipc,51447,7543
2272,PXD026629,20180904YLJ-VSV4h-02.ipc,51633,7577
2272,PXD026629,20180904YLJ-VSV4h-02.ipc,51840,7612
2272,PXD026629,20180904YLJ-VSV4h-02.ipc,52099,7669
2272,PXD026629,20180904YLJ-VSV4h-02.ipc,53183,7911
2435,PXD026629,20180904YLJ-VSV4h-02.ipc,51619,7571
2435,PXD026629,20180904YLJ-VSV4h-02.ipc,74216,12788
2435,PXD026629,20180904YLJ-VSV4h-02.ipc,78353,13707
2435,PXD026629,20180904YLJ-VSV0h-03.ipc,51865,7118
2435,PXD026629,20180904YLJ-VSV0h-03.ipc,51891,7123
2069,PXD026629,20180904YLJ-VSV4h-02.ipc,51812,7607
2069,PXD026629,20180904YLJ-VSV4h-02.ipc,55640,8815
2069,PXD026629,20180904YLJ-VSV4h-02.ipc,56065,8972
2069,PXD026629,20180904YLJ-VSV4h-02.ipc,58348,9786
2069,PXD026629,20180904YLJ-VSV4h-02.ipc,76486,13325
3269,PXD026629,20180904YLJ-VSV4h-02.ipc,52124,7678
3269,PXD026629,20180904YLJ-VSV0h-03.ipc,64728,10872
3269,PXD026629,20180831YLJ-H6h-01.ipc,70561,11399
3269,PXD026629,20180831YLJ-H6h-01.ipc,75928,12656
3269,PXD026629,20180831YLJ-H6h-02.ipc,51851,6966
3267,PXD026629,20180904YLJ-VSV4h-02.ipc,52167,7688
3267,PXD026629,20180904YLJ-VSV4h-02.ipc,52522,7770
3267,PXD026629,20180904YLJ-VSV4h-02.ipc,57149,9365
3267,PXD026629,20180904YLJ-VSV0h-03.ipc,51912,7128
3267,PXD026629,20180904YLJ-VSV0h-03.ipc,52298,7219
2596,PXD026629,20180904YLJ-VSV4h-02.ipc,52244,7703
2596,PXD026629,20180904YLJ-VSV4h-02.ipc,52488,7765
2596,PXD026629,20180904YLJ-VSV0h-03.ipc,51025,6946
2596,PXD026629,20180904YLJ-VSV0h-03.ipc,51694,7093
2596,PXD026629,20180904YLJ-VSV0h-03.ipc,51731,7103
2377,PXD026629,20180904YLJ-VSV4h-02.ipc,52386,7738
2377,PXD026629,20180904YLJ-VSV4h-02.ipc,53200,7919
2377,PXD026629,20180904YLJ-VSV4h-02.ipc,55039,8584
2377,PXD026629,20180904YLJ-VSV4h-02.ipc,55260,8675
2377,PXD026629,20180904YLJ-VSV4h-02.ipc,66951,11521
2975,PXD026629,20180904YLJ-VSV4h-02.ipc,52469,7759
2975,PXD026629,20180904YLJ-VSV4h-02.ipc,59015,9965
2975,PXD026629,20180904YLJ-VSV4h-02.ipc,74540,12890
2975,PXD026629,20180904YLJ-VSV4h-02.ipc,74593,12901
2975,PXD026629,20180904YLJ-VSV4h-02.ipc,76074,13240
2143,PXD026629,20180904YLJ-VSV4h-02.ipc,52669,7796
2143,PXD026629,20180904YLJ-VSV4h-02.ipc,53607,8047
2143,PXD026629,20180904YLJ-VSV4h-02.ipc,54076,8223
2143,PXD026629,20180904YLJ-VSV4h-02.ipc,79692,13830
2143,PXD026629,20180904YLJ-VSV0h-03.ipc,22756,1118
2215,PXD026629,20180904YLJ-VSV4h-02.ipc,52893,7839
2215,PXD026629,20180904YLJ-VSV4h-02.ipc,53914,8160
2215,PXD026629,20180904YLJ-VSV4h-02.ipc,67321,11592
2215,PXD026629,20180904YLJ-VSV4h-02.ipc,76373,13309
2215,PXD026629,20180904YLJ-VSV4h-02.ipc,76418,13314
2742,PXD026629,20180904YLJ-VSV4h-02.ipc,53193,7916
2742,PXD026629,20180904YLJ-VSV4h-02.ipc,74516,12882
2742,PXD026629,20180904YLJ-VSV4h-02.ipc,74716,12936
2742,PXD026629,20180904YLJ-VSV4h-02.ipc,75025,13006
2742,PXD026629,20180904YLJ-VSV4h-02.ipc,78421,13724
2547,PXD026629,20180904YLJ-VSV4h-02.ipc,53263,7931
2547,PXD026629,20180904YLJ-VSV4h-02.ipc,76838,13407
2547,PXD026629,20180904YLJ-VSV0h-03.ipc,77075,13696
2547,PXD026629,20180831YLJ-H6h-01.ipc,76587,12827
2547,PXD026629,20180831YLJ-H6h-01.ipc,76684,12864
3340,PXD026629,20180904YLJ-VSV4h-02.ipc,53304,7945
3340,PXD026629,20180904YLJ-VSV4h-02.ipc,58159,9718
3340,PXD026629,20180831YLJ-H6h-01.ipc,56139,8029
3340,PXD026629,20180831YLJ-H6h-02.ipc,69732,11260
3340,PXD026629,20180831YLJ-H6h-02.ipc,72092,11853
3343,PXD026629,20180904YLJ-VSV4h-02.ipc,53372,7970
3343,PXD026629,20180904YLJ-VSV0h-03.ipc,53969,7724
3343,PXD026629,20180904YLJ-VSV0h-03.ipc,56148,8596
3343,PXD026629,20180831YLJ-H6h-01.ipc,73925,12172
3343,PXD026629,20180831YLJ-H6h-01.ipc,74056,12220
3521,PXD026629,20180904YLJ-VSV4h-02.ipc,53388,7977
3521,PXD026629,20180904YLJ-VSV4h-02.ipc,54826,8504
3521,PXD026629,20180904YLJ-VSV4h-02.ipc,56788,9230
3521,PXD026629,20180904YLJ-VSV4h-02.ipc,61289,10471
3521,PXD026629,YangLuJie-LPS4h-2.ipc,71308,9976
3010,PXD026629,20180904YLJ-VSV4h-02.ipc,53413,7986
3010,PXD026629,20180904YLJ-VSV4h-02.ipc,56183,9016
3010,PXD026629,20180904YLJ-VSV4h-02.ipc,56917,9285
3010,PXD026629,20180904YLJ-VSV4h-02.ipc,57476,9481
3010,PXD026629,20180904YLJ-VSV4h-02.ipc,61320,10476
1810,PXD026629,20180904YLJ-VSV4h-02.ipc,53599,8041
1810,PXD026629,20180904YLJ-VSV4h-02.ipc,57177,9376
1810,PXD026629,20180904YLJ-VSV4h-02.ipc,71378,12207
1810,PXD026629,20180904YLJ-VSV4h-02.ipc,72205,12396
1810,PXD026629,20180904YLJ-VSV4h-02.ipc,72290,12422
2216,PXD026629,20180904YLJ-VSV4h-02.ipc,53639,8061
2216,PXD026629,20180904YLJ-VSV0h-03.ipc,53803,7663
2216,PXD026629,20180904YLJ-VSV6h-01.ipc,31317,3087
2216,PXD026629,YangLuJie-LPS8h-2.ipc,33451,3385
2216,PXD026629,YangLuJie-LPS8h-2.ipc,34864,3630
3178,PXD026629,20180904YLJ-VSV4h-02.ipc,54074,8222
3178,PXD026629,20180904YLJ-VSV4h-02.ipc,77572,13576
3178,PXD026629,20180904YLJ-VSV4h-02.ipc,78438,13728
3178,PXD026629,20180904YLJ-VSV0h-03.ipc,53302,7502
3178,PXD026629,20180831YLJ-H6h-01.ipc,71374,11598
2695,PXD026629,20180904YLJ-VSV4h-02.ipc,54204,8274
2695,PXD026629,20180904YLJ-VSV4h-02.ipc,54468,8369
2695,PXD026629,20180904YLJ-VSV0h-03.ipc,54398,7898
2695,PXD026629,20180904YLJ-VSV0h-03.ipc,63975,10715
2695,PXD026629,20180904YLJ-VSV0h-03.ipc,79998,14123
2013,PXD026629,20180904YLJ-VSV4h-02.ipc,54207,8275
2013,PXD026629,20180904YLJ-VSV4h-02.ipc,54458,8362
2013,PXD026629,20180904YLJ-VSV4h-02.ipc,54588,8406
2013,PXD026629,20180904YLJ-VSV4h-02.ipc,54697,8450
2013,PXD026629,20180904YLJ-VSV4h-02.ipc,54822,8502
3051,PXD026629,20180904YLJ-VSV4h-02.ipc,54230,8286
3051,PXD026629,20180904YLJ-VSV4h-02.ipc,74613,12908
3051,PXD026629,20180904YLJ-VSV0h-03.ipc,53572,7581
3051,PXD026629,20180831YLJ-H6h-02.ipc,56109,7847
3051,PXD026629,20180904YLJ-VSV4h-03.ipc,54750,8351
2321,PXD026629,20180904YLJ-VSV4h-02.ipc,54403,8344
2321,PXD026629,20180904YLJ-VSV4h-02.ipc,54950,8549
2321,PXD026629,20180904YLJ-VSV4h-02.ipc,55295,8688
2321,PXD026629,20180904YLJ-VSV4h-02.ipc,57079,9339
2321,PXD026629,20180904YLJ-VSV4h-02.ipc,60492,10264
2574,PXD026629,20180904YLJ-VSV4h-02.ipc,54419,8349
2574,PXD026629,20180904YLJ-VSV4h-02.ipc,54566,8397
2574,PXD026629,20180904YLJ-VSV4h-02.ipc,54657,8437
2574,PXD026629,20180904YLJ-VSV4h-02.ipc,71075,12154
2574,PXD026629,20180904YLJ-VSV4h-02.ipc,75292,13080
1851,PXD026629,20180904YLJ-VSV4h-02.ipc,54459,8363
1851,PXD026629,20180904YLJ-VSV4h-02.ipc,55154,8629
1851,PXD026629,20180904YLJ-VSV4h-02.ipc,68725,11807
1851,PXD026629,20180904YLJ-VSV4h-02.ipc,70417,12054
1851,PXD026629,20180904YLJ-VSV4h-02.ipc,70460,12059
2686,PXD026629,20180904YLJ-VSV4h-02.ipc,54961,8556
2686,PXD026629,20180904YLJ-VSV4h-02.ipc,55047,8589
2686,PXD026629,20180904YLJ-VSV4h-02.ipc,56614,9153
2686,PXD026629,20180904YLJ-VSV4h-02.ipc,57348,9435
2686,PXD026629,20180904YLJ-VSV0h-03.ipc,54901,8096
2540,PXD026629,20180904YLJ-VSV4h-02.ipc,55642,8816
2540,PXD026629,20180904YLJ-VSV4h-02.ipc,58624,9861
2540,PXD026629,20180904YLJ-VSV4h-02.ipc,64434,11109
2540,PXD026629,20180904YLJ-VSV4h-02.ipc,69694,11960
2540,PXD026629,20180904YLJ-VSV4h-02.ipc,77660,13595
3324,PXD026629,20180904YLJ-VSV4h-02.ipc,55952,8923
3324,PXD026629,20180904YLJ-VSV4h-02.ipc,77339,13540
3324,PXD026629,20180904YLJ-VSV0h-03.ipc,75988,13373
3324,PXD026629,20180831YLJ-H6h-02.ipc,54208,7393
3324,PXD026629,YangLuJie-LPS4h-2.ipc,70158,9775
2289,PXD026629,20180904YLJ-VSV4h-02.ipc,56079,8977
2289,PXD026629,YangLuJie-LPS4h-2.ipc,54989,7124
2289,PXD026629,20180904YLJ-VSV6h-01.ipc,57046,8765
2289,PXD026629,YangLuJie-LPS8h-2.ipc,57169,8586
2289,PXD026629,YangLuJie-LPS8h-2.ipc,75206,11976
2685,PXD026629,20180904YLJ-VSV4h-02.ipc,56118,8994
2685,PXD026629,20180904YLJ-VSV0h-03.ipc,58064,9290
2685,PXD026629,20180831YLJ-H6h-01.ipc,57433,8469
2685,PXD026629,20180831YLJ-H6h-02.ipc,55457,7673
2685,PXD026629,20180831YLJ-H6h-02.ipc,57291,8279
2330,PXD026629,20180904YLJ-VSV4h-02.ipc,56645,9168
2330,PXD026629,20180904YLJ-VSV4h-02.ipc,59601,10075
2330,PXD026629,20180904YLJ-VSV4h-02.ipc,60511,10269
2330,PXD026629,20180904YLJ-VSV4h-02.ipc,61099,10422
2330,PXD026629,20180904YLJ-VSV4h-02.ipc,61175,10444
2832,PXD026629,20180904YLJ-VSV4h-02.ipc,57355,9439
2832,PXD026629,20180904YLJ-VSV4h-02.ipc,57436,9465
2832,PXD026629,20180904YLJ-VSV4h-02.ipc,57530,9504
2832,PXD026629,20180904YLJ-VSV4h-02.ipc,58417,9808
2832,PXD026629,20180904YLJ-VSV0h-03.ipc,57494,9091
2901,PXD026629,20180904YLJ-VSV4h-02.ipc,58189,9726
2901,PXD026629,20180831YLJ-H6h-01.ipc,41331,4854
2901,PXD026629,20180831YLJ-H6h-01.ipc,70759,11438
2901,PXD026629,20180831YLJ-H6h-01.ipc,70966,11487
2901,PXD026629,20180831YLJ-H6h-02.ipc,70562,11450
2684,PXD026629,20180904YLJ-VSV4h-02.ipc,58599,9855
2684,PXD026629,20180904YLJ-VSV4h-02.ipc,72889,12532
2684,PXD026629,20180904YLJ-VSV4h-02.ipc,75978,13221
2684,PXD026629,20180904YLJ-VSV4h-02.ipc,76076,13242
2684,PXD026629,20180904YLJ-VSV4h-02.ipc,76098,13247
2654,PXD026629,20180904YLJ-VSV4h-02.ipc,58875,9931
2654,PXD026629,20180904YLJ-VSV4h-02.ipc,60104,10183
2654,PXD026629,20180904YLJ-VSV0h-03.ipc,63814,10674
2654,PXD026629,YangLuJie-LPS4h-2.ipc,69251,9589
2654,PXD026629,20180831YLJ-H4h-02.ipc,46389,6537
2668,PXD026629,20180904YLJ-VSV4h-02.ipc,58992,9960
2668,PXD026629,20180904YLJ-VSV4h-02.ipc,63309,10894
2668,PXD026629,20180904YLJ-VSV4h-02.ipc,71241,12183
2668,PXD026629,20180904YLJ-VSV4h-02.ipc,76082,13245
2668,PXD026629,20180904YLJ-VSV4h-02.ipc,76099,13248
3121,PXD026629,20180904YLJ-VSV4h-02.ipc,60070,10178
3121,PXD026629,20180904YLJ-VSV4h-02.ipc,64871,11178
3121,PXD026629,20180904YLJ-VSV4h-02.ipc,65072,11204
3121,PXD026629,20180904YLJ-VSV4h-02.ipc,65724,11287
3121,PXD026629,20180904YLJ-VSV4h-02.ipc,77479,13564
4291,PXD026629,20180904YLJ-VSV4h-02.ipc,60238,10206
4291,PXD026629,20180904YLJ-VSV4h-02.ipc,70709,12103
4291,PXD026629,YangLuJie-LPS4h-2.ipc,73085,10427
4291,PXD026629,20180904YLJ-VSV6h-01.ipc,47044,6524
4291,PXD026629,20180904YLJ-VSV6h-01.ipc,72963,12798
4422,PXD026629,20180904YLJ-VSV4h-02.ipc,61717,10575
4422,PXD026629,20180904YLJ-VSV6h-01.ipc,15152,368
4422,PXD026629,20180904YLJ-VSV4h-03.ipc,30108,2801
4422,PXD026629,YangLuJie-M0-1.ipc,37420,4553
4422,PXD026629,YangLuJie-M0-1.ipc,52193,8682
2736,PXD026629,20180904YLJ-VSV4h-02.ipc,62102,10667
2736,PXD026629,20180904YLJ-VSV4h-02.ipc,65250,11224
2736,PXD026629,20180904YLJ-VSV4h-02.ipc,80053,13872
2736,PXD026629,20180904YLJ-VSV0h-03.ipc,59947,9772
2736,PXD026629,20180904YLJ-VSV0h-03.ipc,60040,9791
3488,PXD026629,20180904YLJ-VSV4h-02.ipc,64536,11126
3488,PXD026629,20180904YLJ-VSV0h-03.ipc,49364,6510
3488,PXD026629,20180831YLJ-H6h-01.ipc,72970,11957
3488,PXD026629,YangLuJie-LPS4h-2.ipc,54917,7109
3488,PXD026629,YangLuJie-LPS4h-2.ipc,61432,8333
1664,PXD026629,20180904YLJ-VSV4h-02.ipc,65857,11312
1664,PXD026629,20180904YLJ-VSV4h-02.ipc,65924,11324
1664,PXD026629,20180904YLJ-VSV4h-02.ipc,65988,11335
1664,PXD026629,20180904YLJ-VSV4h-02.ipc,72243,12407
1664,PXD026629,20180904YLJ-VSV0h-03.ipc,42686,5169
1648,PXD026629,20180904YLJ-VSV4h-02.ipc,66378,11398
1648,PXD026629,20180904YLJ-VSV4h-02.ipc,66408,11404
1648,PXD026629,20180904YLJ-VSV4h-02.ipc,66421,11407
1648,PXD026629,20180904YLJ-VSV4h-02.ipc,66474,11419
1648,PXD026629,20180904YLJ-VSV4h-02.ipc,66540,11430
2168,PXD026629,20180904YLJ-VSV4h-02.ipc,67243,11577
2168,PXD026629,20180904YLJ-VSV4h-02.ipc,74045,12739
2168,PXD026629,20180904YLJ-VSV4h-02.ipc,77093,13489
2168,PXD026629,20180904YLJ-VSV0h-03.ipc,64532,10840
2168,PXD026629,20180831YLJ-H6h-01.ipc,67741,10830
2385,PXD026629,20180904YLJ-VSV4h-02.ipc,69708,11962
2385,PXD026629,20180904YLJ-VSV0h-03.ipc,29470,2217
2385,PXD026629,20180904YLJ-VSV0h-03.ipc,70304,12009
2385,PXD026629,20180904YLJ-VSV0h-03.ipc,77097,13703
2385,PXD026629,20180831YLJ-H6h-01.ipc,69835,11233
3261,PXD026629,20180904YLJ-VSV4h-02.ipc,70465,12061
3261,PXD026629,20180904YLJ-VSV0h-03.ipc,70795,12076
3261,PXD026629,20180904YLJ-VSV0h-03.ipc,73548,12726
3261,PXD026629,20180831YLJ-H6h-01.ipc,43678,5447
3261,PXD026629,20180831YLJ-H6h-01.ipc,70197,11299
1778,PXD026629,20180904YLJ-VSV4h-02.ipc,71339,12198
1778,PXD026629,20180904YLJ-VSV4h-02.ipc,75667,13160
1778,PXD026629,20180904YLJ-VSV0h-03.ipc,37196,3765
1778,PXD026629,20180904YLJ-VSV0h-03.ipc,67632,11458
1778,PXD026629,20180904YLJ-VSV0h-03.ipc,75073,13164
1616,PXD026629,20180904YLJ-VSV4h-02.ipc,72045,12354
1616,PXD026629,20180904YLJ-VSV4h-02.ipc,79500,13801
1616,PXD026629,20180904YLJ-VSV0h-03.ipc,52789,7335
1616,PXD026629,20180904YLJ-VSV0h-03.ipc,65207,10961
1616,PXD026629,20180831YLJ-H6h-01.ipc,57169,8375
1801,PXD026629,20180904YLJ-VSV4h-02.ipc,72449,12458
1801,PXD026629,20180904YLJ-VSV0h-03.ipc,68657,11696
1801,PXD026629,20180904YLJ-VSV0h-03.ipc,72618,12547
1801,PXD026629,20180831YLJ-H6h-01.ipc,30738,2658
1801,PXD026629,20180831YLJ-H6h-01.ipc,32404,2920
2643,PXD026629,20180904YLJ-VSV4h-02.ipc,72967,12549
2643,PXD026629,20180904YLJ-VSV0h-03.ipc,62809,10459
2643,PXD026629,20180831YLJ-H6h-02.ipc,45696,5555
2643,PXD026629,20180831YLJ-H4h-02.ipc,31582,3093
2643,PXD026629,20180904YLJ-VSV6h-01.ipc,56466,8558
4218,PXD026629,20180904YLJ-VSV4h-02.ipc,73386,12617
4218,PXD026629,20180904YLJ-VSV6h-01.ipc,33170,3513
4218,PXD026629,20180904YLJ-VSV0h-01.ipc,33007,3313
4218,PXD026629,20180904YLJ-VSV0h-01.ipc,33115,3336
4218,PXD026629,20180904YLJ-VSV0h-01.ipc,74233,13144
2928,PXD026629,20180904YLJ-VSV4h-02.ipc,74945,12989
2928,PXD026629,20180904YLJ-VSV0h-03.ipc,49583,6574
2928,PXD026629,20180904YLJ-VSV0h-03.ipc,76530,13513
2928,PXD026629,20180831YLJ-H6h-02.ipc,74603,12463
2928,PXD026629,20180831YLJ-H4h-02.ipc,61212,10564
3398,PXD026629,20180904YLJ-VSV4h-02.ipc,75899,13205
3398,PXD026629,20180904YLJ-VSV0h-03.ipc,76282,13447
3398,PXD026629,20180904YLJ-VSV6h-01.ipc,48443,6782
3398,PXD026629,YangLuJie-LPS8h-2.ipc,62161,9436
3398,PXD026629,20180831YLJ-H0h-01.ipc,58473,9326
3033,PXD026629,20180904YLJ-VSV4h-02.ipc,75955,13216
3033,PXD026629,20180904YLJ-VSV0h-03.ipc,76105,13399
3033,PXD026629,20180904YLJ-VSV0h-03.ipc,78582,14006
3033,PXD026629,20180831YLJ-H6h-02.ipc,74332,12388
3033,PXD026629,YangLuJie-LPS4h-2.ipc,67017,9245
2508,PXD026629,20180904YLJ-VSV4h-02.ipc,76046,13232
2508,PXD026629,20180904YLJ-VSV4h-02.ipc,78492,13740
2508,PXD026629,20180904YLJ-VSV4h-02.ipc,79991,13862
2508,PXD026629,20180904YLJ-VSV0h-03.ipc,58618,9459
2508,PXD026629,20180904YLJ-VSV0h-03.ipc,61790,10222
2053,PXD026629,20180904YLJ-VSV4h-02.ipc,76495,13326
2053,PXD026629,20180904YLJ-VSV4h-02.ipc,76542,13342
2053,PXD026629,20180904YLJ-VSV4h-02.ipc,76582,13350
2053,PXD026629,20180904YLJ-VSV0h-03.ipc,73352,12688
2053,PXD026629,20180904YLJ-VSV0h-03.ipc,76554,13520
1908,PXD026629,20180904YLJ-VSV4h-02.ipc,77338,13539
1908,PXD026629,20180904YLJ-VSV0h-03.ipc,41278,4764
1908,PXD026629,20180904YLJ-VSV0h-03.ipc,50848,6889
1908,PXD026629,20180904YLJ-VSV0h-03.ipc,76585,13530
1908,PXD026629,20180831YLJ-H6h-02.ipc,49557,6391
2887,PXD026629,20180904YLJ-VSV4h-02.ipc,78392,13713
2887,PXD026629,20180904YLJ-VSV4h-02.ipc,79845,13845
2887,PXD026629,20180904YLJ-VSV0h-03.ipc,6106,10
2887,PXD026629,20180904YLJ-VSV0h-03.ipc,37964,3958
2887,PXD026629,20180904YLJ-VSV0h-03.ipc,63940,10706
3197,PXD026629,20180904YLJ-VSV4h-02.ipc,78471,13736
3197,PXD026629,20180904YLJ-VSV0h-03.ipc,49448,6537
3197,PXD026629,20180831YLJ-H6h-01.ipc,52435,7310
3197,PXD026629,20180831YLJ-H6h-01.ipc,52572,7338
3197,PXD026629,20180831YLJ-H6h-01.ipc,78207,13176
2127,PXD026629,20180904YLJ-VSV4h-02.ipc,79662,13826
2127,PXD026629,20180904YLJ-VSV4h-02.ipc,79783,13837
2127,PXD026629,20180831YLJ-H4h-02.ipc,73568,13377
2127,PXD026629,20180831YLJ-H4h-02.ipc,79206,14685
2127,PXD026629,YangLuJie-LPS8h-2.ipc,56238,8305
2985,PXD026629,20180904YLJ-VSV0h-03.ipc,32187,2675
2985,PXD026629,20180831YLJ-H4h-02.ipc,51411,7767
2985,PXD026629,20180904YLJ-VSV6h-01.ipc,51902,7478
2985,PXD026629,YangLuJie-LPS8h-2.ipc,72258,11236
2985,PXD026629,20180831YLJ-H0h-01.ipc,50834,7436
2125,PXD026629,20180904YLJ-VSV0h-03.ipc,46026,5820
2125,PXD026629,20180904YLJ-VSV0h-03.ipc,77186,13729
2125,PXD026629,20180831YLJ-H6h-01.ipc,57046,8326
2125,PXD026629,20180831YLJ-H6h-01.ipc,68847,11047
2125,PXD026629,20180831YLJ-H6h-02.ipc,70635,11464
3834,PXD026629,20180904YLJ-VSV0h-03.ipc,50380,6759
3834,PXD026629,20180904YLJ-VSV0h-03.ipc,50672,6832
3834,PXD026629,20180904YLJ-VSV0h-03.ipc,50844,6888
3834,PXD026629,YangLuJie-M0-3.ipc,35004,3962
3834,PXD026629,YangLuJie-M0-3.ipc,51201,8282
2563,PXD026629,20180904YLJ-VSV0h-03.ipc,50676,6833
2563,PXD026629,20180831YLJ-H6h-02.ipc,70861,11521
2563,PXD026629,20180831YLJ-H6h-02.ipc,76327,12899
2563,PXD026629,YangLuJie-LPS4h-2.ipc,51766,6253
2563,PXD026629,20180831YLJ-H4h-02.ipc,76833,14284
3980,PXD026629,20180904YLJ-VSV0h-03.ipc,51616,7074
3980,PXD026629,20180831YLJ-H6h-02.ipc,44399,5288
3980,PXD026629,20180831YLJ-H4h-03.ipc,76213,14191
3980,PXD026629,20180904YLJ-VSV0h-02.ipc,50685,7722
3980,PXD031032,MouseLung-Z-T-2.ipc,59555,9717
2378,PXD026629,20180904YLJ-VSV0h-03.ipc,53881,7687
2378,PXD026629,20180904YLJ-VSV6h-01.ipc,56555,8588
2378,PXD026629,20180904YLJ-VSV6h-01.ipc,58063,9159
2378,PXD026629,20180904YLJ-VSV6h-01.ipc,59180,9571
2378,PXD026629,20180904YLJ-VSV4h-03.ipc,55349,8550
3852,PXD026629,20180904YLJ-VSV0h-03.ipc,58870,9520
3852,PXD026629,20180831YLJ-H6h-02.ipc,59969,9094
3852,PXD026629,YangLuJie-LPS4h-2.ipc,37850,3715
3852,PXD026629,20180904YLJ-VSV6h-01.ipc,35711,4002
3852,PXD026629,YangLuJie-LPS8h-2.ipc,74285,11750
3777,PXD026629,20180904YLJ-VSV0h-03.ipc,64310,10795
3777,PXD026629,20180831YLJ-H6h-02.ipc,32179,2504
3777,PXD026629,YangLuJie-LPS8h-2.ipc,44358,5734
3777,PXD026629,20180831YLJ-H0h-01.ipc,72114,12394
3777,PXD026629,20180831YLJ-H0h-02.ipc,72599,12297
4216,PXD026629,20180904YLJ-VSV0h-03.ipc,73545,12725
4216,PXD026629,20180831YLJ-H6h-01.ipc,73285,12014
4216,PXD026629,20180831YLJ-H6h-02.ipc,73058,12042
4216,PXD026629,20180831YLJ-H6h-02.ipc,73080,12046
4216,PXD026629,YangLuJie-LPS4h-2.ipc,74912,10812
2402,PXD026629,20180904YLJ-VSV0h-03.ipc,74186,12877
2402,PXD026629,20180831YLJ-H6h-01.ipc,34809,3346
2402,PXD026629,20180831YLJ-H6h-01.ipc,34885,3356
2402,PXD026629,20180831YLJ-H6h-01.ipc,70940,11481
2402,PXD026629,20180831YLJ-H4h-02.ipc,34902,3781
2660,PXD026629,20180904YLJ-VSV0h-03.ipc,76054,13385
2660,PXD026629,20180831YLJ-H6h-01.ipc,42068,5103
2660,PXD026629,20180831YLJ-H6h-01.ipc,70663,11417
2660,PXD026629,20180831YLJ-H6h-02.ipc,42534,4818
2660,PXD026629,20180831YLJ-H4h-02.ipc,41672,5498
3705,PXD026629,20180831YLJ-H6h-01.ipc,14335,412
3705,PXD026629,20180831YLJ-H4h-02.ipc,32477,3309
3705,PXD026629,YangLuJie-LPS8h-2.ipc,15136,731
3705,PXD026629,YangLuJie-LPS8h-2.ipc,43768,5587
3705,PXD026629,YangLuJie-LPS8h-2.ipc,59735,9079
2273,PXD026629,20180831YLJ-H6h-01.ipc,33703,3172
2273,PXD026629,YangLuJie-M0-3.ipc,64943,11665
2273,PXD026629,20180904YLJ-VSV4h-03.ipc,54394,8236
2273,PXD026629,20180904YLJ-VSV0h-01.ipc,51644,7505
2273,PXD031032,MouseKidney-Z-T-2.ipc,3316,332
2394,PXD026629,20180831YLJ-H6h-01.ipc,47087,6172
2394,PXD026629,YangLuJie-M0-1.ipc,64634,11515
2394,PXD026629,YangLuJie-LPS8h-3.ipc,65920,9119
2394,PXD031032,MouseKidney-Z-T-2.ipc,2823,190
2394,PXD031032,MouseKidney-Z-T-2.ipc,3982,534
3342,PXD026629,20180831YLJ-H6h-01.ipc,48823,6455
3342,PXD026629,20180831YLJ-H6h-02.ipc,56480,7976
3342,PXD026629,20180831YLJ-H6h-02.ipc,66213,10530
3342,PXD026629,20180904YLJ-VSV6h-01.ipc,56157,8454
3342,PXD026629,20180904YLJ-VSV4h-03.ipc,54638,8314
4000,PXD026629,20180831YLJ-H6h-01.ipc,60048,9207
4000,PXD026629,20180831YLJ-H6h-01.ipc,60912,9394
4000,PXD026629,20180904YLJ-VSV6h-01.ipc,51214,7329
4000,PXD026629,20180831YLJ-H0h-02.ipc,51554,7483
4000,PXD026629,20180904YLJ-VSV6h-02.ipc,55159,8322
2111,PXD026629,20180831YLJ-H6h-01.ipc,67227,10728
2111,PXD026629,20180831YLJ-H6h-02.ipc,77660,13181
2111,PXD026629,20180831YLJ-H4h-02.ipc,53330,8181
2111,PXD026629,20180831YLJ-H4h-02.ipc,56490,9295
2111,PXD026629,20180831YLJ-H4h-02.ipc,74717,13712
3923,PXD026629,20180831YLJ-H6h-01.ipc,71835,11715
3923,PXD026629,YangLuJie-LPS4h-2.ipc,73378,10496
3923,PXD026629,20180831YLJ-H0h-01.ipc,47840,6414
3923,PXD026629,20180904YLJ-VSV4h-03.ipc,77969,14492
3923,PXD026629,YangLuJie-M0-1.ipc,56408,9855
4387,PXD026629,20180831YLJ-H6h-01.ipc,72053,11775
4387,PXD026629,YangLuJie-LPS8h-2.ipc,52954,7511
4387,PXD026629,YangLuJie-M0-2.ipc,52457,8155
4387,PXD026629,YangLuJie-M0-2.ipc,78734,13813
4387,PXD026629,20180831YLJ-H6h-03.ipc,38398,4274
4232,PXD026629,20180831YLJ-H6h-01.ipc,73268,12012
4232,PXD026629,YangLuJie-LPS4h-2.ipc,78656,11870
4232,PXD026629,20180831YLJ-H4h-02.ipc,73309,13307
4232,PXD026629,20180904YLJ-VSV6h-01.ipc,74301,13126
4232,PXD026629,20180831YLJ-H0h-01.ipc,72944,12624
3708,PXD026629,20180831YLJ-H6h-01.ipc,77333,13022
3708,PXD026629,20180904YLJ-VSV6h-01.ipc,55746,8319
3708,PXD026629,20180904YLJ-VSV6h-01.ipc,67203,11648
3708,PXD026629,20180904YLJ-VSV4h-03.ipc,66610,11811
3708,PXD026629,20180831YLJ-H4h-01.ipc,54116,8661
2580,PXD026629,20180831YLJ-H6h-02.ipc,38933,3831
2580,PXD026629,20180831YLJ-H6h-02.ipc,50813,6680
2580,PXD026629,20180831YLJ-H6h-02.ipc,71778,11779
2580,PXD026629,YangLuJie-LPS4h-2.ipc,18102,814
2580,PXD026629,YangLuJie-LPS4h-2.ipc,75899,11128
3779,PXD026629,20180831YLJ-H6h-02.ipc,50705,6643
3779,PXD026629,20180831YLJ-H6h-02.ipc,58466,8650
3779,PXD026629,20180831YLJ-H6h-02.ipc,73543,12156
3779,PXD026629,20180831YLJ-H0h-01.ipc,74425,13066
3779,PXD026629,YangLuJie-M0-3.ipc,70244,12867
4598,PXD026629,20180831YLJ-H6h-02.ipc,72091,11852
4598,PXD026629,YangLuJie-LPS4h-2.ipc,74814,10789
4598,PXD026629,20180831YLJ-H0h-01.ipc,72817,12584
4598,PXD026629,YangLuJie-M0-3.ipc,65324,11770
4598,PXD026629,YangLuJie-LPS4h-3.ipc,74725,10941
4583,PXD026629,20180831YLJ-H6h-02.ipc,72936,12018
4583,PXD026629,YangLuJie-LPS4h-2.ipc,51864,6282
4583,PXD026629,20180831YLJ-H4h-02.ipc,12352,235
4583,PXD026629,20180904YLJ-VSV6h-01.ipc,56041,8415
4583,PXD026629,YangLuJie-M0-1.ipc,60144,10667
4524,PXD026629,20180831YLJ-H6h-02.ipc,73720,12215
4524,PXD026629,20180831YLJ-H0h-02.ipc,73559,12586
4524,PXD026629,20180904YLJ-VSV4h-01.ipc,62397,10900
4524,PXD026629,20180904YLJ-VSV4h-01.ipc,64750,11394
4524,PXD031032,MouseBrain-Z-T-3.ipc,19734,4614
2912,PXD026629,YangLuJie-LPS4h-2.ipc,40314,4226
2912,PXD026629,20180831YLJ-H4h-02.ipc,41147,5333
2912,PXD026629,YangLuJie-LPS8h-2.ipc,76261,12299
2912,PXD026629,YangLuJie-M0-3.ipc,77316,14414
2912,PXD026629,20180904YLJ-VSV4h-03.ipc,49352,7013
4362,PXD026629,YangLuJie-LPS4h-2.ipc,76907,11386
4362,PXD026629,20180831YLJ-H4h-02.ipc,75249,13878
4362,PXD026629,YangLuJie-LPS8h-2.ipc,75575,12100
4362,PXD026629,YangLuJie-LPS8h-2.ipc,76940,12472
4362,PXD026629,20180831YLJ-H0h-01.ipc,18893,1000
2816,PXD026629,20180831YLJ-H4h-02.ipc,19198,1181
2816,PXD026629,20180831YLJ-H4h-02.ipc,49750,7321
2816,PXD026629,20180904YLJ-VSV6h-01.ipc,67177,11641
2816,PXD026629,20180904YLJ-VSV6h-01.ipc,67252,11657
2816,PXD026629,20180904YLJ-VSV6h-01.ipc,77980,14110
6555,PXD026629,20180831YLJ-H4h-02.ipc,74677,13702
6555,PXD026629,YangLuJie-M0-1.ipc,74429,13557
6555,PXD031032,MouseBrain-Z-T-3.ipc,27913,6216
6555,PXD031032,MouseLiver-Z-T-3.ipc,51123,7734
6555,PXD031025,480_20210524_WZY_IGP_HILIC_DDACancer_5e5_2.ipc,49068,5843
2361,PXD026629,20180831YLJ-H4h-02.ipc,75700,13961
2361,PXD031032,MouseKidney-Z-T-2.ipc,23417,6298
2361,PXD031032,MouseBrain-Z-T-3.ipc,5033,700
2361,PXD031032,MouseBrain-Z-T-3.ipc,11888,2396
2361,PXD031032,MouseBrain-Z-T-3.ipc,11962,2415
3996,PXD026629,20180904YLJ-VSV6h-01.ipc,29449,2704
3996,PXD026629,20180904YLJ-VSV6h-01.ipc,29487,2714
3996,PXD026629,YangLuJie-LPS8h-2.ipc,60145,9153
3996,PXD026629,YangLuJie-M0-1.ipc,51231,8308
3996,PXD026629,20180904YLJ-VSV6h-03.ipc,29065,2617
4590,PXD026629,20180904YLJ-VSV6h-01.ipc,50328,7161
4590,PXD026629,20180904YLJ-VSV4h-03.ipc,49251,6985
4590,PXD026629,20180904YLJ-VSV4h-01.ipc,49213,7149
4590,PXD031032,MouseKidney-Z-T-2.ipc,17338,4516
4590,PXD031032,MouseLung-Z-T-2.ipc,49699,8426
3941,PXD026629,20180904YLJ-VSV6h-01.ipc,53545,7879
3941,PXD026629,YangLuJie-M0-3.ipc,76710,14292
3941,PXD026629,20180831YLJ-H4h-01.ipc,30802,2868
3941,PXD026629,20180904YLJ-VSV6h-02.ipc,54199,8112
3941,PXD026629,20180904YLJ-VSV6h-03.ipc,72377,12655
3634,PXD026629,20180904YLJ-VSV6h-01.ipc,57911,9092
3634,PXD026629,20180904YLJ-VSV6h-01.ipc,75379,13361
3634,PXD026629,YangLuJie-LPS8h-2.ipc,66672,10140
3634,PXD026629,YangLuJie-LPS8h-2.ipc,66771,10165
3634,PXD026629,20180831YLJ-H0h-01.ipc,73531,12804
3633,PXD026629,20180904YLJ-VSV6h-01.ipc,57987,9126
3633,PXD026629,20180831YLJ-H0h-01.ipc,49007,6788
3633,PXD026629,20180831YLJ-H0h-01.ipc,49088,6815
3633,PXD026629,20180831YLJ-H0h-02.ipc,48923,6617
3633,PXD031032,MouseKidney-Z-T-2.ipc,28460,7987
2257,PXD026629,20180904YLJ-VSV6h-01.ipc,68411,11916
2257,PXD026629,20180831YLJ-H0h-02.ipc,37236,3863
2257,PXD026629,YangLuJie-LPS8h-3.ipc,55029,7331
2257,PXD026629,YangLuJie-LPS8h-3.ipc,56291,7559
2257,PXD026629,20180831YLJ-H4h-03.ipc,38542,4611
3416,PXD026629,20180904YLJ-VSV6h-01.ipc,70043,12227
3416,PXD026629,YangLuJie-LPS8h-2.ipc,24744,2195
3416,PXD026629,YangLuJie-LPS8h-2.ipc,53420,7655
3416,PXD026629,20180904YLJ-VSV4h-03.ipc,54153,8150
3416,PXD026629,YangLuJie-M0-1.ipc,52763,8902
4527,PXD026629,YangLuJie-LPS8h-2.ipc,19888,1331
4527,PXD026629,20180904YLJ-VSV0h-01.ipc,65221,11433
4527,PXD026629,20180831YLJ-H4h-03.ipc,46331,6527
4527,PXD026629,20180904YLJ-VSV0h-02.ipc,64631,11873
4527,PXD026629,20180904YLJ-VSV4h-01.ipc,62498,10924
1972,PXD026629,YangLuJie-LPS8h-2.ipc,72608,11339
1972,PXD026629,20180904YLJ-VSV4h-03.ipc,56359,8961
1972,PXD026629,YangLuJie-LPS4h-3.ipc,50974,6540
1972,PXD026629,20180904YLJ-VSV0h-01.ipc,28403,2419
1972,PXD026629,20180904YLJ-VSV6h-02.ipc,23166,1649
4948,PXD026629,YangLuJie-LPS8h-2.ipc,75089,11958
4948,PXD026629,20180831YLJ-H0h-01.ipc,72530,12505
4948,PXD026629,20180831YLJ-H0h-01.ipc,72577,12518
4948,PXD026629,YangLuJie-M0-3.ipc,74884,13771
4948,PXD026629,20180831YLJ-H0h-02.ipc,75858,13142
3635,PXD026629,20180831YLJ-H0h-01.ipc,49086,6814
3635,PXD026649,Sperm_cotton_fraction8_IGP1_Xin_20210208.ipc,61571,8397
3635,PXD026649,Sperm_cotton_fraction8_IGP1_Xin_20210208.ipc,61754,8442
3635,PXD026649,Sperm_cotton_fraction8_IGP1_Xin_20210208.ipc,62092,8544
3635,PXD026649,Sperm_cotton_fraction8_IGP1_Xin_20210208.ipc,62094,8546
3254,PXD026629,20180904YLJ-VSV4h-03.ipc,30544,2883
3254,PXD026629,20180831YLJ-H0h-02.ipc,57869,9080
3254,PXD026629,YangLuJie-LPS8h-3.ipc,51073,6504
3254,PXD026629,YangLuJie-M0-2.ipc,64718,10905
3254,PXD026629,YangLuJie-LPS8h-1.ipc,71145,12733
4073,PXD026629,20180904YLJ-VSV4h-03.ipc,78292,14577
4073,PXD026629,20180904YLJ-VSV0h-01.ipc,77576,14055
4073,PXD026629,20180904YLJ-VSV0h-01.ipc,77632,14078
4073,PXD026629,20180831YLJ-H4h-01.ipc,19188,1142
4073,PXD026629,20180831YLJ-H4h-01.ipc,61068,10649
5677,PXD026629,YangLuJie-M0-1.ipc,64828,11576
5677,PXD026629,YangLuJie-M0-2.ipc,75813,13173
5677,PXD031032,MouseKidney-Z-T-2.ipc,15958,3983
5677,PXD031032,MouseKidney-Z-T-1.ipc,15908,3794
5677,PXD031025,480_20210524_WZY_IGP_HILIC_DDACancer_5e5_2.ipc,20777,1803
3703,PXD026629,YangLuJie-M0-1.ipc,70152,12727
3703,PXD026629,YangLuJie-LPS8h-1.ipc,70279,12460
3703,PXD031032,MouseKidney-Z-T-2.ipc,31822,9273
3703,PXD031032,MouseKidney-Z-T-2.ipc,49620,14802
3703,PXD031032,MouseLung-Z-T-2.ipc,52657,8834
3926,PXD026629,YangLuJie-M0-1.ipc,77121,14214
3926,PXD026629,20180904YLJ-VSV0h-01.ipc,71661,12571
3926,PXD026629,YangLuJie-LPS8h-3.ipc,75947,11339
3926,PXD026629,20180904YLJ-VSV0h-02.ipc,76007,14478
3926,PXD026629,YangLuJie-LPS8h-1.ipc,72667,13115
2831,PXD026629,20180904YLJ-VSV0h-01.ipc,58575,9912
2831,PXD031032,MouseKidney-Z-T-2.ipc,7863,1640
2831,PXD031032,MouseBrain-Z-T-3.ipc,4187,504
2831,PXD031032,MouseBrain-Z-T-3.ipc,4265,532
2831,PXD031032,MouseBrain-Z-T-3.ipc,4330,545
2905,PXD026629,YangLuJie-LPS8h-3.ipc,31412,2863
2905,PXD026629,20180831YLJ-H4h-03.ipc,30066,2793
2905,PXD026629,YangLuJie-M0-2.ipc,44379,6124
2905,PXD031032,MouseKidney-Z-T-2.ipc,4385,653
2905,PXD031032,MouseKidney-Z-T-2.ipc,4443,672
4508,PXD026629,20180831YLJ-H0h-03.ipc,56165,8808
4508,PXD031032,MouseLung-Z-T-2.ipc,44832,7432
4508,PXD031032,MouseLung-Z-T-5.ipc,44959,5800
4508,PXD031032,MouseLung-Z-T-5.ipc,45032,5816
4508,PXD031032,MouseLung-Z-T-5.ipc,45119,5837
3270,PXD031032,MouseKidney-Z-T-2.ipc,3359,350
3270,PXD031032,MouseKidney-Z-T-2.ipc,9129,2046
3270,PXD031032,MouseKidney-Z-T-2.ipc,17202,4446
3270,PXD031032,MouseKidney-Z-T-2.ipc,19491,5207
3270,PXD031032,MouseKidney-Z-T-2.ipc,21533,5713
3124,PXD031032,MouseKidney-Z-T-2.ipc,3505,400
3124,PXD031032,MouseKidney-Z-T-2.ipc,3743,477
3124,PXD031032,MouseKidney-Z-T-2.ipc,8962,1990
3124,PXD031032,MouseKidney-Z-T-2.ipc,9079,2030
3124,PXD031032,MouseKidney-Z-T-2.ipc,9259,2081
2759,PXD031032,MouseKidney-Z-T-2.ipc,6441,1275
2759,PXD031032,MouseKidney-Z-T-2.ipc,8569,1854
2759,PXD031032,MouseKidney-Z-T-2.ipc,8693,1892
2759,PXD031032,MouseKidney-Z-T-2.ipc,9063,2022
2759,PXD031032,MouseKidney-Z-T-2.ipc,9353,2107
3561,PXD031032,MouseKidney-Z-T-2.ipc,7009,1409
3561,PXD031032,MouseKidney-Z-T-2.ipc,15540,3851
3561,PXD031032,MouseKidney-Z-T-2.ipc,31981,9320
3561,PXD031032,MouseKidney-Z-T-2.ipc,32111,9356
3561,PXD031032,MouseBrain-Z-T-3.ipc,18583,4301
2158,PXD031032,MouseKidney-Z-T-2.ipc,13612,3321
2158,PXD031032,MouseKidney-Z-T-2.ipc,23587,6338
2158,PXD031032,MouseBrain-Z-T-3.ipc,53145,9626
2158,PXD031032,MouseBrain-Z-T-5.ipc,53683,9938
2158,PXD031025,480_20210714_WZY_NIGP_HILIC_DDA_Cancer_160min_1.ipc,44107,3805
6700,PXD031032,MouseKidney-Z-T-2.ipc,37616,11226
6700,PXD031025,480_20210714_WZY_NIGP_HILIC_DDA_Cancer_160min_1.ipc,43518,3706
6700,PXD031025,480_20210714_WZY_NIGP_HILIC_DDA_Cancer_160min_1.ipc,50622,4954
6700,PXD031025,480_20210714_WZY_NIGP_HILIC_DDA_Cancer_160min_1.ipc,53995,5606
6700,PXD031025,480_20210714_WZY_NIGP_HILIC_DDA_Cancer_160min_2.ipc,43397,3906
2523,PXD031032,MouseBrain-Z-T-3.ipc,3644,422
2523,PXD031032,MouseBrain-Z-T-3.ipc,8863,1575
2523,PXD031032,MouseBrain-Z-T-3.ipc,8869,1577
2523,PXD031032,MouseBrain-Z-T-3.ipc,8908,1588
2523,PXD031032,MouseBrain-Z-T-3.ipc,8977,1605
6846,PXD031025,480_20210714_WZY_NIGP_HILIC_DDA_Cancer_160min_1.ipc,10910,445
6846,PXD031025,480_20210714_WZY_NIGP_HILIC_DDA_Cancer_160min_1.ipc,11008,451
6846,PXD031025,480_20210714_WZY_NIGP_HILIC_DDA_Cancer_160min_1.ipc,37043,2674
6846,PXD031025,480_20210714_WZY_NIGP_HILIC_DDA_Cancer_160min_1.ipc,42745,3566
6846,PXD031025,480_20210714_WZY_NIGP_HILIC_DDA_Cancer_160min_1.ipc,42784,3573
